날짜,내용,금액,카테고리,결제수단,구분
2024-01-01,아파트 관리비,260400,관리비,지역화폐,고정비
2024-01-01,도시가스 요금,65200,가스요금,지역화폐,고정비
2024-01-01,김밥천국,7900,식비,롯데카드,변동비
2024-01-01,투썸플레이스,11300,식비,토스공유카드1,변동비
2024-01-01,스타벅스,22800,식비,토스공유카드1,변동비
2024-01-01,지하철,6100,교통,토스공유카드1,변동비
2024-01-02,주택담보대출 이자,408200,대출이자,신한체크카드,고정비
2024-01-02,BBQ 치킨,10300,식비,토스공유카드2,변동비
2024-01-02,시내버스,4900,교통,지역화폐,변동비
2024-01-03,상하수도 요금,25200,공과금,신한체크카드,고정비
2024-01-03,미용실,10500,의류/미용,롯데카드,변동비
2024-01-03,배달의민족,700,식비,토스공유카드1,변동비
2024-01-03,광장시장,24700,전통시장,토스공유카드2,변동비
2024-01-04,관리실 주차비,37100,주거,신한체크카드,고정비
2024-01-04,SK주유소,12600,교통,토스공유카드1,변동비
2024-01-05,한전 전기요금,88700,전기요금,신한체크카드,고정비
2024-01-05,SKT 휴대폰,108500,통신비,신한체크카드,고정비
2024-01-05,CGV,23700,문화/여가,삼성카드,변동비
2024-01-05,김밥천국,16800,식비,토스공유카드2,변동비
2024-01-05,이마트,57800,마트,롯데카드,변동비
2024-01-06,맘스터치,5900,식비,토스공유카드2,변동비
2024-01-06,버거킹,19200,식비,롯데카드,변동비
2024-01-06,카카오 택시,8400,교통,신한체크카드,변동비
2024-01-06,SK주유소,4400,교통,지역화폐,변동비
2024-01-07,버거킹,24700,식비,롯데카드,변동비
2024-01-07,고속버스,6800,교통,지역화폐,변동비
2024-01-08,스타벅스,1200,식비,롯데카드,변동비
2024-01-08,가족 여행 숙박,493500,문화/여가,삼성카드,변동비
2024-01-09,버거킹,10000,식비,삼성카드,변동비
2024-01-09,노브랜드,68000,마트,삼성카드,변동비
2024-01-09,고속버스,7400,교통,지역화폐,변동비
2024-01-09,시내버스,2800,교통,지역화폐,변동비
2024-01-10,투썸플레이스,500,식비,삼성카드,변동비
2024-01-10,카카오 택시,3200,교통,신한체크카드,변동비
2024-01-11,BBQ 치킨,19200,식비,롯데카드,변동비
2024-01-11,경동시장,15900,전통시장,지역화폐,변동비
2024-01-12,배달의민족,10300,식비,삼성카드,변동비
2024-01-12,맘스터치,24500,식비,롯데카드,변동비
2024-01-12,고속버스,3600,교통,지역화폐,변동비
2024-01-13,BBQ 치킨,13300,식비,토스공유카드2,변동비
2024-01-13,김밥천국,20900,식비,롯데카드,변동비
2024-01-13,롯데마트,42300,마트,토스공유카드1,변동비
2024-01-13,경동시장,30200,전통시장,지역화폐,변동비
2024-01-13,카카오 택시,8600,교통,지역화폐,변동비
2024-01-14,BBQ 치킨,9800,식비,삼성카드,변동비
2024-01-15,BBQ 치킨,17900,식비,롯데카드,변동비
2024-01-15,배달의민족,500,식비,롯데카드,변동비
2024-01-15,맘스터치,25200,식비,삼성카드,변동비
2024-01-15,지하철,4500,교통,지역화폐,변동비
2024-01-15,SK주유소,12000,교통,신한체크카드,변동비
2024-01-16,BBQ 치킨,13100,식비,삼성카드,변동비
2024-01-17,배달의민족,13000,식비,토스공유카드2,변동비
2024-01-17,스타벅스,10600,식비,롯데카드,변동비
2024-01-17,망원시장,25400,전통시장,지역화폐,변동비
2024-01-17,고속버스,8600,교통,지역화폐,변동비
2024-01-18,배달의민족,7700,식비,토스공유카드1,변동비
2024-01-18,시내버스,5200,교통,신한체크카드,변동비
2024-01-19,버거킹,500,식비,롯데카드,변동비
2024-01-19,노브랜드,73300,마트,토스공유카드1,변동비
2024-01-20,버거킹,17400,식비,롯데카드,변동비
2024-01-21,버거킹,17800,식비,롯데카드,변동비
2024-01-21,버거킹,16000,식비,삼성카드,변동비
2024-01-21,시내버스,7200,교통,신한체크카드,변동비
2024-01-22,김밥천국,12000,식비,토스공유카드1,변동비
2024-01-22,지하철,5400,교통,지역화폐,변동비
2024-01-22,SK주유소,8600,교통,신한체크카드,변동비
2024-01-23,버거킹,11200,식비,삼성카드,변동비
2024-01-23,BBQ 치킨,6000,식비,롯데카드,변동비
2024-01-23,홈플러스,49600,마트,토스공유카드1,변동비
2024-01-23,광장시장,17100,전통시장,지역화폐,변동비
2024-01-24,배달의민족,11000,식비,토스공유카드1,변동비
2024-01-25,투썸플레이스,24500,식비,삼성카드,변동비
2024-01-25,스타벅스,11100,식비,삼성카드,변동비
2024-01-25,광장시장,24100,전통시장,지역화폐,변동비
2024-01-25,정기 건강검진,171700,의료,롯데카드,변동비
2024-01-26,맘스터치,5900,식비,토스공유카드2,변동비
2024-01-26,배달의민족,16100,식비,토스공유카드2,변동비
2024-01-26,시내버스,5800,교통,지역화폐,변동비
2024-01-26,시내버스,5400,교통,지역화폐,변동비
2024-01-27,버거킹,16400,식비,토스공유카드1,변동비
2024-01-27,투썸플레이스,7200,식비,토스공유카드1,변동비
2024-01-27,배달의민족,800,식비,롯데카드,변동비
2024-01-27,카카오 택시,13200,교통,신한체크카드,변동비
2024-01-28,CU 편의점,15200,식비,토스공유카드2,변동비
2024-01-28,맘스터치,6100,식비,토스공유카드1,변동비
2024-01-28,롯데마트,79600,마트,롯데카드,변동비
2024-01-28,시내버스,7000,교통,토스공유카드1,변동비
2024-01-28,카카오 택시,9100,교통,토스공유카드1,변동비
2024-01-29,맘스터치,11900,식비,토스공유카드1,변동비
2024-01-29,고속버스,4700,교통,지역화폐,변동비
2024-01-30,투썸플레이스,6300,식비,토스공유카드1,변동비
2024-01-31,CU 편의점,500,식비,토스공유카드2,변동비
2024-01-31,시내버스,6200,교통,토스공유카드1,변동비
2024-02-01,도시가스 요금,68600,가스요금,신한체크카드,고정비
2024-02-01,상하수도 요금,20200,공과금,신한체크카드,고정비
2024-02-01,버거킹,5300,식비,토스공유카드2,변동비
2024-02-02,한전 전기요금,79600,전기요금,신한체크카드,고정비
2024-02-02,버거킹,5400,식비,롯데카드,변동비
2024-02-02,홈플러스,103400,마트,삼성카드,변동비
2024-02-02,지하철,4900,교통,신한체크카드,변동비
2024-02-03,아파트 관리비,246300,관리비,지역화폐,고정비
2024-02-03,김밥천국,16200,식비,토스공유카드2,변동비
2024-02-03,지하철,12200,교통,신한체크카드,변동비
2024-02-03,SK주유소,2700,교통,지역화폐,변동비
2024-02-04,관리실 주차비,41200,주거,신한체크카드,고정비
2024-02-04,버거킹,13300,식비,토스공유카드2,변동비
2024-02-04,김밥천국,500,식비,토스공유카드2,변동비
2024-02-04,김밥천국,11800,식비,토스공유카드2,변동비
2024-02-04,시내버스,12600,교통,신한체크카드,변동비
2024-02-05,KT 인터넷+TV,93100,통신비,삼성카드,고정비
2024-02-05,주택담보대출 이자,434400,대출이자,신한체크카드,고정비
2024-02-05,교보문고,22900,문화/여가,롯데카드,변동비
2024-02-05,배달의민족,20800,식비,롯데카드,변동비
2024-02-05,맘스터치,7800,식비,토스공유카드2,변동비
2024-02-05,스타벅스,16000,식비,토스공유카드1,변동비
2024-02-06,투썸플레이스,9700,식비,토스공유카드1,변동비
2024-02-06,투썸플레이스,13000,식비,롯데카드,변동비
2024-02-06,광장시장,26100,전통시장,지역화폐,변동비
2024-02-06,지하철,8300,교통,지역화폐,변동비
2024-02-07,스타벅스,500,식비,삼성카드,변동비
2024-02-07,스타벅스,9600,식비,삼성카드,변동비
2024-02-07,고속버스,8300,교통,토스공유카드1,변동비
2024-02-08,맘스터치,13700,식비,토스공유카드1,변동비
2024-02-08,맘스터치,8900,식비,롯데카드,변동비
2024-02-08,버거킹,500,식비,토스공유카드2,변동비
2024-02-09,김밥천국,6000,식비,롯데카드,변동비
2024-02-09,버거킹,18600,식비,롯데카드,변동비
2024-02-10,CU 편의점,5300,식비,롯데카드,변동비
2024-02-10,SK주유소,16000,교통,토스공유카드1,변동비
2024-02-10,SK주유소,14300,교통,토스공유카드1,변동비
2024-02-11,스타벅스,11200,식비,토스공유카드1,변동비
2024-02-11,SK주유소,500,교통,신한체크카드,변동비
2024-02-12,버거킹,10700,식비,롯데카드,변동비
2024-02-12,버거킹,17700,식비,토스공유카드2,변동비
2024-02-12,SK주유소,5600,교통,신한체크카드,변동비
2024-02-13,김밥천국,20000,식비,토스공유카드1,변동비
2024-02-13,카카오 택시,3500,교통,지역화폐,변동비
2024-02-13,지하철,6300,교통,지역화폐,변동비
2024-02-14,BBQ 치킨,8100,식비,토스공유카드2,변동비
2024-02-14,BBQ 치킨,11200,식비,토스공유카드2,변동비
2024-02-14,망원시장,15800,전통시장,토스공유카드2,변동비
2024-02-14,고속버스,9700,교통,신한체크카드,변동비
2024-02-15,CU 편의점,8400,식비,토스공유카드1,변동비
2024-02-17,BBQ 치킨,19200,식비,토스공유카드1,변동비
2024-02-17,카카오 택시,15500,교통,신한체크카드,변동비
2024-02-18,스타벅스,11400,식비,토스공유카드1,변동비
2024-02-18,노브랜드,63300,마트,롯데카드,변동비
2024-02-18,시내버스,8900,교통,토스공유카드1,변동비
2024-02-19,BBQ 치킨,13900,식비,토스공유카드1,변동비
2024-02-19,BBQ 치킨,13700,식비,토스공유카드2,변동비
2024-02-20,BBQ 치킨,14900,식비,토스공유카드2,변동비
2024-02-20,맘스터치,14700,식비,롯데카드,변동비
2024-02-20,스타벅스,18300,식비,토스공유카드1,변동비
2024-02-20,홈플러스,83900,마트,롯데카드,변동비
2024-02-20,고속버스,8700,교통,토스공유카드1,변동비
2024-02-21,BBQ 치킨,8200,식비,토스공유카드1,변동비
2024-02-22,맘스터치,17500,식비,삼성카드,변동비
2024-02-22,버거킹,11500,식비,롯데카드,변동비
2024-02-22,홈플러스,44200,마트,삼성카드,변동비
2024-02-22,카카오 택시,7300,교통,지역화폐,변동비
2024-02-23,버거킹,10800,식비,삼성카드,변동비
2024-02-23,시내버스,3800,교통,신한체크카드,변동비
2024-02-25,코스트코,19400,마트,삼성카드,변동비
2024-02-25,카카오 택시,3800,교통,토스공유카드1,변동비
2024-02-26,버거킹,4800,식비,롯데카드,변동비
2024-02-26,고속버스,8000,교통,신한체크카드,변동비
2024-02-27,고속버스,23000,교통,토스공유카드1,변동비
2024-02-27,카카오 택시,3200,교통,토스공유카드1,변동비
2024-02-28,카카오 택시,10200,교통,토스공유카드1,변동비
2024-02-29,맘스터치,21400,식비,토스공유카드2,변동비
2024-02-29,CU 편의점,7800,식비,롯데카드,변동비
2024-02-29,카카오 택시,9900,교통,토스공유카드1,변동비
2024-03-01,관리실 주차비,46800,주거,신한체크카드,고정비
2024-03-01,투썸플레이스,16500,식비,삼성카드,변동비
2024-03-01,SK주유소,13000,교통,신한체크카드,변동비
2024-03-02,도시가스 요금,30500,가스요금,신한체크카드,고정비
2024-03-02,SKT 휴대폰,86800,통신비,신한체크카드,고정비
2024-03-02,버거킹,15400,식비,토스공유카드1,변동비
2024-03-02,BBQ 치킨,7800,식비,삼성카드,변동비
2024-03-02,BBQ 치킨,6700,식비,토스공유카드2,변동비
2024-03-03,주택담보대출 이자,457200,대출이자,신한체크카드,고정비
2024-03-03,투썸플레이스,11500,식비,삼성카드,변동비
2024-03-03,투썸플레이스,24100,식비,토스공유카드2,변동비
2024-03-03,시내버스,9800,교통,신한체크카드,변동비
2024-03-03,지하철,15300,교통,신한체크카드,변동비
2024-03-04,한전 전기요금,81100,전기요금,신한체크카드,고정비
2024-03-04,상하수도 요금,34700,공과금,지역화폐,고정비
2024-03-04,BBQ 치킨,25900,식비,롯데카드,변동비
2024-03-04,BBQ 치킨,16900,식비,삼성카드,변동비
2024-03-04,코스트코,59300,마트,삼성카드,변동비
2024-03-04,지하철,12700,교통,토스공유카드1,변동비
2024-03-05,아파트 관리비,243300,관리비,신한체크카드,고정비
2024-03-05,유튜브 프리미엄,14200,문화/여가,삼성카드,변동비
2024-03-05,CU 편의점,2000,식비,토스공유카드2,변동비
2024-03-05,경동시장,23500,전통시장,토스공유카드2,변동비
2024-03-05,지하철,14000,교통,신한체크카드,변동비
2024-03-05,지하철,8400,교통,지역화폐,변동비
2024-03-06,버거킹,2100,식비,롯데카드,변동비
2024-03-06,이마트,51500,마트,롯데카드,변동비
2024-03-06,시내버스,11700,교통,지역화폐,변동비
2024-03-07,투썸플레이스,9200,식비,삼성카드,변동비
2024-03-07,지하철,6000,교통,신한체크카드,변동비
2024-03-08,스타벅스,28100,식비,토스공유카드1,변동비
2024-03-08,투썸플레이스,20600,식비,토스공유카드1,변동비
2024-03-08,BBQ 치킨,15600,식비,토스공유카드2,변동비
2024-03-08,카카오 택시,5800,교통,토스공유카드1,변동비
2024-03-09,버거킹,26100,식비,토스공유카드2,변동비
2024-03-09,지하철,9000,교통,토스공유카드1,변동비
2024-03-10,버거킹,13800,식비,토스공유카드1,변동비
2024-03-10,김밥천국,8000,식비,삼성카드,변동비
2024-03-10,시내버스,2000,교통,토스공유카드1,변동비
2024-03-11,광장시장,6400,전통시장,지역화폐,변동비
2024-03-12,투썸플레이스,14700,식비,토스공유카드1,변동비
2024-03-12,카카오 택시,9900,교통,신한체크카드,변동비
2024-03-12,카카오 택시,7900,교통,지역화폐,변동비
2024-03-13,맘스터치,6600,식비,삼성카드,변동비
2024-03-13,SK주유소,15100,교통,신한체크카드,변동비
2024-03-15,버거킹,10400,식비,토스공유카드2,변동비
2024-03-16,배달의민족,700,식비,토스공유카드1,변동비
2024-03-17,버거킹,1600,식비,토스공유카드2,변동비
2024-03-17,맘스터치,23800,식비,토스공유카드1,변동비
2024-03-18,투썸플레이스,26000,식비,토스공유카드2,변동비
2024-03-18,고속버스,2200,교통,지역화폐,변동비
2024-03-19,맘스터치,18600,식비,토스공유카드2,변동비
2024-03-19,투썸플레이스,18300,식비,토스공유카드1,변동비
2024-03-20,CU 편의점,10900,식비,토스공유카드1,변동비
2024-03-20,코스트코,62700,마트,삼성카드,변동비
2024-03-20,망원시장,26700,전통시장,지역화폐,변동비
2024-03-21,스타벅스,14100,식비,삼성카드,변동비
2024-03-22,배달의민족,8400,식비,토스공유카드1,변동비
2024-03-22,스타벅스,21700,식비,삼성카드,변동비
2024-03-22,이마트,55600,마트,롯데카드,변동비
2024-03-22,망원시장,20500,전통시장,토스공유카드2,변동비
2024-03-23,맘스터치,12300,식비,롯데카드,변동비
2024-03-23,BBQ 치킨,6700,식비,롯데카드,변동비
2024-03-23,고속버스,9200,교통,신한체크카드,변동비
2024-03-24,배달의민족,20400,식비,토스공유카드2,변동비
2024-03-24,SK주유소,9700,교통,지역화폐,변동비
2024-03-25,CU 편의점,11000,식비,토스공유카드1,변동비
2024-03-25,CU 편의점,11400,식비,토스공유카드2,변동비
2024-03-25,고속버스,1600,교통,지역화폐,변동비
2024-03-26,김밥천국,18300,식비,토스공유카드2,변동비
2024-03-26,BBQ 치킨,18500,식비,토스공유카드2,변동비
2024-03-27,버거킹,8300,식비,토스공유카드1,변동비
2024-03-27,지하철,8900,교통,지역화폐,변동비
2024-03-28,CU 편의점,10300,식비,삼성카드,변동비
2024-03-28,배달의민족,5300,식비,토스공유카드1,변동비
2024-03-28,SK주유소,5300,교통,토스공유카드1,변동비
2024-03-28,지하철,13300,교통,신한체크카드,변동비
2024-03-29,지하철,6900,교통,신한체크카드,변동비
2024-03-30,CU 편의점,17200,식비,삼성카드,변동비
2024-03-30,투썸플레이스,16700,식비,롯데카드,변동비
2024-03-30,지하철,10600,교통,신한체크카드,변동비
2024-03-31,CU 편의점,22900,식비,롯데카드,변동비
2024-03-31,스타벅스,19200,식비,토스공유카드2,변동비
2024-03-31,맘스터치,6400,식비,삼성카드,변동비
2024-04-01,맘스터치,19300,식비,토스공유카드2,변동비
2024-04-01,배달의민족,5800,식비,롯데카드,변동비
2024-04-01,SK주유소,9700,교통,신한체크카드,변동비
2024-04-02,코스트코,86600,마트,삼성카드,변동비
2024-04-02,지하철,16600,교통,신한체크카드,변동비
2024-04-02,지하철,8200,교통,토스공유카드1,변동비
2024-04-03,주택담보대출 이자,428000,대출이자,신한체크카드,고정비
2024-04-03,유튜브 프리미엄,18300,문화/여가,롯데카드,변동비
2024-04-04,아파트 관리비,248800,관리비,신한체크카드,고정비
2024-04-04,SKT 휴대폰,87900,통신비,삼성카드,고정비
2024-04-04,무신사,66200,의류/미용,롯데카드,변동비
2024-04-04,맘스터치,22300,식비,롯데카드,변동비
2024-04-04,김밥천국,18400,식비,삼성카드,변동비
2024-04-05,한전 전기요금,79200,전기요금,지역화폐,고정비
2024-04-05,도시가스 요금,47200,가스요금,신한체크카드,고정비
2024-04-05,상하수도 요금,23600,공과금,신한체크카드,고정비
2024-04-05,관리실 주차비,44200,주거,신한체크카드,고정비
2024-04-05,맘스터치,9400,식비,삼성카드,변동비
2024-04-05,BBQ 치킨,4200,식비,토스공유카드2,변동비
2024-04-05,고속버스,9200,교통,신한체크카드,변동비
2024-04-06,CU 편의점,14500,식비,토스공유카드2,변동비
2024-04-06,버거킹,15100,식비,토스공유카드1,변동비
2024-04-07,배달의민족,25400,식비,롯데카드,변동비
2024-04-08,투썸플레이스,17600,식비,토스공유카드2,변동비
2024-04-08,지하철,1100,교통,토스공유카드1,변동비
2024-04-09,BBQ 치킨,17000,식비,삼성카드,변동비
2024-04-09,카카오 택시,9700,교통,토스공유카드1,변동비
2024-04-09,시내버스,7800,교통,지역화폐,변동비
2024-04-10,BBQ 치킨,21500,식비,삼성카드,변동비
2024-04-10,카카오 택시,7700,교통,토스공유카드1,변동비
2024-04-11,CU 편의점,15900,식비,토스공유카드2,변동비
2024-04-11,고속버스,8700,교통,지역화폐,변동비
2024-04-12,스타벅스,18200,식비,토스공유카드2,변동비
2024-04-12,이마트,47200,마트,삼성카드,변동비
2024-04-12,카카오 택시,10300,교통,토스공유카드1,변동비
2024-04-13,맘스터치,3400,식비,토스공유카드2,변동비
2024-04-13,CU 편의점,19000,식비,삼성카드,변동비
2024-04-13,CU 편의점,13700,식비,토스공유카드2,변동비
2024-04-14,맘스터치,4300,식비,롯데카드,변동비
2024-04-14,고속버스,7800,교통,신한체크카드,변동비
2024-04-15,스타벅스,18900,식비,삼성카드,변동비
2024-04-15,광장시장,7000,전통시장,지역화폐,변동비
2024-04-15,고속버스,6600,교통,신한체크카드,변동비
2024-04-15,시내버스,14500,교통,토스공유카드1,변동비
2024-04-16,BBQ 치킨,16800,식비,토스공유카드2,변동비
2024-04-16,고속버스,6500,교통,신한체크카드,변동비
2024-04-17,김밥천국,14200,식비,토스공유카드1,변동비
2024-04-17,배달의민족,9400,식비,토스공유카드2,변동비
2024-04-17,CU 편의점,9900,식비,롯데카드,변동비
2024-04-18,스타벅스,11900,식비,토스공유카드2,변동비
2024-04-18,맘스터치,17700,식비,토스공유카드2,변동비
2024-04-18,CU 편의점,11400,식비,롯데카드,변동비
2024-04-18,SK주유소,11900,교통,지역화폐,변동비
2024-04-19,맘스터치,12800,식비,토스공유카드1,변동비
2024-04-20,스타벅스,13400,식비,롯데카드,변동비
2024-04-20,맘스터치,5100,식비,롯데카드,변동비
2024-04-20,고속버스,6100,교통,신한체크카드,변동비
2024-04-21,맘스터치,12400,식비,롯데카드,변동비
2024-04-21,지하철,14700,교통,토스공유카드1,변동비
2024-04-22,김밥천국,22700,식비,삼성카드,변동비
2024-04-22,광장시장,22600,전통시장,지역화폐,변동비
2024-04-22,카카오 택시,12100,교통,지역화폐,변동비
2024-04-23,배달의민족,6900,식비,토스공유카드2,변동비
2024-04-23,CU 편의점,18000,식비,토스공유카드1,변동비
2024-04-23,배달의민족,11400,식비,삼성카드,변동비
2024-04-23,카카오 택시,9200,교통,지역화폐,변동비
2024-04-25,BBQ 치킨,20900,식비,삼성카드,변동비
2024-04-25,스타벅스,12000,식비,롯데카드,변동비
2024-04-26,김밥천국,17600,식비,토스공유카드1,변동비
2024-04-26,카카오 택시,5700,교통,지역화폐,변동비
2024-04-27,김밥천국,9900,식비,롯데카드,변동비
2024-04-27,CU 편의점,26600,식비,토스공유카드1,변동비
2024-04-27,코스트코,34700,마트,삼성카드,변동비
2024-04-27,시내버스,9600,교통,신한체크카드,변동비
2024-04-28,CU 편의점,20500,식비,롯데카드,변동비
2024-04-28,투썸플레이스,9100,식비,롯데카드,변동비
2024-04-29,맘스터치,22000,식비,토스공유카드1,변동비
2024-04-30,BBQ 치킨,18000,식비,롯데카드,변동비
2024-04-30,SK주유소,6300,교통,지역화폐,변동비
2024-04-30,학기 등록금 분할,521200,교육,삼성카드,변동비
2024-05-01,주택담보대출 이자,417900,대출이자,신한체크카드,고정비
2024-05-01,유니클로,500,의류/미용,롯데카드,변동비
2024-05-02,한전 전기요금,84100,전기요금,신한체크카드,고정비
2024-05-02,맘스터치,7500,식비,토스공유카드1,변동비
2024-05-02,시내버스,7000,교통,신한체크카드,변동비
2024-05-02,고속버스,9900,교통,지역화폐,변동비
2024-05-03,SKT 휴대폰,91200,통신비,신한체크카드,고정비
2024-05-03,치과,11600,의료,신한체크카드,변동비
2024-05-03,BBQ 치킨,33000,식비,롯데카드,변동비
2024-05-03,고속버스,13700,교통,지역화폐,변동비
2024-05-03,가족 여행 숙박,454100,문화/여가,신한체크카드,변동비
2024-05-04,아파트 관리비,315300,관리비,지역화폐,고정비
2024-05-04,상하수도 요금,25700,공과금,신한체크카드,고정비
2024-05-04,BBQ 치킨,23600,식비,토스공유카드2,변동비
2024-05-05,도시가스 요금,62800,가스요금,지역화폐,고정비
2024-05-05,유튜브 프리미엄,8000,문화/여가,롯데카드,변동비
2024-05-05,맘스터치,2900,식비,토스공유카드1,변동비
2024-05-05,스타벅스,16300,식비,삼성카드,변동비
2024-05-05,스타벅스,500,식비,롯데카드,변동비
2024-05-06,김밥천국,19300,식비,토스공유카드1,변동비
2024-05-08,맘스터치,8700,식비,삼성카드,변동비
2024-05-08,스타벅스,12900,식비,토스공유카드1,변동비
2024-05-08,지하철,16500,교통,토스공유카드1,변동비
2024-05-08,카카오 택시,12800,교통,토스공유카드1,변동비
2024-05-09,투썸플레이스,11700,식비,토스공유카드1,변동비
2024-05-10,투썸플레이스,11800,식비,토스공유카드1,변동비
2024-05-10,BBQ 치킨,15200,식비,토스공유카드2,변동비
2024-05-11,카카오 택시,8600,교통,신한체크카드,변동비
2024-05-11,시내버스,8300,교통,지역화폐,변동비
2024-05-12,BBQ 치킨,4600,식비,롯데카드,변동비
2024-05-13,투썸플레이스,17800,식비,삼성카드,변동비
2024-05-13,시내버스,4900,교통,지역화폐,변동비
2024-05-14,BBQ 치킨,7000,식비,롯데카드,변동비
2024-05-14,롯데마트,58200,마트,토스공유카드1,변동비
2024-05-15,배달의민족,20800,식비,토스공유카드2,변동비
2024-05-15,경동시장,25600,전통시장,토스공유카드2,변동비
2024-05-16,CU 편의점,13600,식비,토스공유카드2,변동비
2024-05-16,노브랜드,34200,마트,롯데카드,변동비
2024-05-17,BBQ 치킨,13500,식비,롯데카드,변동비
2024-05-17,이마트,37800,마트,삼성카드,변동비
2024-05-17,고속버스,14200,교통,지역화폐,변동비
2024-05-17,고속버스,5500,교통,토스공유카드1,변동비
2024-05-18,배달의민족,16600,식비,토스공유카드1,변동비
2024-05-19,스타벅스,14100,식비,토스공유카드1,변동비
2024-05-19,CU 편의점,24200,식비,토스공유카드1,변동비
2024-05-19,SK주유소,18400,교통,토스공유카드1,변동비
2024-05-20,BBQ 치킨,15700,식비,롯데카드,변동비
2024-05-20,지하철,4500,교통,토스공유카드1,변동비
2024-05-21,김밥천국,11300,식비,삼성카드,변동비
2024-05-21,SK주유소,2800,교통,지역화폐,변동비
2024-05-22,김밥천국,29700,식비,롯데카드,변동비
2024-05-22,김밥천국,16400,식비,롯데카드,변동비
2024-05-22,시내버스,2200,교통,신한체크카드,변동비
2024-05-23,배달의민족,19500,식비,삼성카드,변동비
2024-05-23,김밥천국,500,식비,토스공유카드2,변동비
2024-05-24,CU 편의점,3700,식비,토스공유카드1,변동비
2024-05-24,버거킹,9500,식비,삼성카드,변동비
2024-05-24,버거킹,10100,식비,토스공유카드1,변동비
2024-05-25,김밥천국,10000,식비,토스공유카드2,변동비
2024-05-25,카카오 택시,3700,교통,신한체크카드,변동비
2024-05-26,카카오 택시,14900,교통,신한체크카드,변동비
2024-05-26,지하철,6000,교통,신한체크카드,변동비
2024-05-27,맘스터치,8700,식비,토스공유카드1,변동비
2024-05-27,BBQ 치킨,19200,식비,삼성카드,변동비
2024-05-27,김밥천국,15600,식비,토스공유카드1,변동비
2024-05-27,노브랜드,40500,마트,토스공유카드1,변동비
2024-05-28,김밥천국,11500,식비,토스공유카드2,변동비
2024-05-28,CU 편의점,11200,식비,토스공유카드2,변동비
2024-05-28,홈플러스,89600,마트,롯데카드,변동비
2024-05-28,SK주유소,8200,교통,신한체크카드,변동비
2024-05-28,시내버스,8100,교통,신한체크카드,변동비
2024-05-29,맘스터치,7200,식비,삼성카드,변동비
2024-05-29,배달의민족,16700,식비,삼성카드,변동비
2024-05-29,중앙시장,18800,전통시장,토스공유카드2,변동비
2024-05-30,버거킹,13700,식비,롯데카드,변동비
2024-05-30,CU 편의점,12300,식비,토스공유카드1,변동비
2024-05-30,시내버스,10700,교통,지역화폐,변동비
2024-05-31,CU 편의점,6700,식비,삼성카드,변동비
2024-05-31,BBQ 치킨,6400,식비,롯데카드,변동비
2024-05-31,시내버스,2900,교통,지역화폐,변동비
2024-05-31,부모님 생신 선물,130500,경조사,신한체크카드,변동비
2024-06-01,도시가스 요금,31700,가스요금,신한체크카드,고정비
2024-06-01,BBQ 치킨,10900,식비,삼성카드,변동비
2024-06-01,지하철,3200,교통,신한체크카드,변동비
2024-06-02,한전 전기요금,74000,전기요금,신한체크카드,고정비
2024-06-02,넷플릭스 구독,26800,문화/여가,삼성카드,변동비
2024-06-02,망원시장,20000,전통시장,지역화폐,변동비
2024-06-03,LG U+ 휴대폰,102300,통신비,신한체크카드,고정비
2024-06-03,상하수도 요금,27300,공과금,신한체크카드,고정비
2024-06-03,BBQ 치킨,16500,식비,토스공유카드2,변동비
2024-06-03,맘스터치,16200,식비,토스공유카드2,변동비
2024-06-03,SK주유소,3300,교통,토스공유카드1,변동비
2024-06-04,아파트 관리비,251500,관리비,지역화폐,고정비
2024-06-04,배달의민족,9500,식비,토스공유카드2,변동비
2024-06-04,버거킹,17700,식비,롯데카드,변동비
2024-06-04,코스트코,20200,마트,토스공유카드1,변동비
2024-06-04,경동시장,25500,전통시장,토스공유카드2,변동비
2024-06-05,주택담보대출 이자,423800,대출이자,신한체크카드,고정비
2024-06-05,스타벅스,11900,식비,토스공유카드2,변동비
2024-06-05,SK주유소,3700,교통,토스공유카드1,변동비
2024-06-06,스타벅스,20500,식비,토스공유카드1,변동비
2024-06-06,맘스터치,16800,식비,삼성카드,변동비
2024-06-07,고속버스,12500,교통,신한체크카드,변동비
2024-06-08,김밥천국,9100,식비,삼성카드,변동비
2024-06-08,맘스터치,14000,식비,롯데카드,변동비
2024-06-08,지하철,8100,교통,토스공유카드1,변동비
2024-06-10,투썸플레이스,15600,식비,토스공유카드2,변동비
2024-06-10,김밥천국,1600,식비,롯데카드,변동비
2024-06-10,코스트코,47600,마트,롯데카드,변동비
2024-06-10,카카오 택시,1900,교통,신한체크카드,변동비
2024-06-11,스타벅스,7400,식비,삼성카드,변동비
2024-06-11,고속버스,14400,교통,토스공유카드1,변동비
2024-06-12,BBQ 치킨,2400,식비,롯데카드,변동비
2024-06-12,CU 편의점,22700,식비,토스공유카드1,변동비
2024-06-13,BBQ 치킨,9300,식비,삼성카드,변동비
2024-06-13,SK주유소,12400,교통,신한체크카드,변동비
2024-06-14,스타벅스,8400,식비,토스공유카드2,변동비
2024-06-14,SK주유소,9000,교통,토스공유카드1,변동비
2024-06-15,배달의민족,10500,식비,토스공유카드1,변동비
2024-06-15,투썸플레이스,8600,식비,롯데카드,변동비
2024-06-15,고속버스,3200,교통,지역화폐,변동비
2024-06-16,CU 편의점,8000,식비,삼성카드,변동비
2024-06-17,BBQ 치킨,27500,식비,삼성카드,변동비
2024-06-17,김밥천국,8900,식비,토스공유카드1,변동비
2024-06-17,버거킹,16100,식비,토스공유카드2,변동비
2024-06-18,BBQ 치킨,700,식비,토스공유카드2,변동비
2024-06-19,배달의민족,15700,식비,삼성카드,변동비
2024-06-19,중앙시장,20100,전통시장,지역화폐,변동비
2024-06-19,시내버스,10500,교통,신한체크카드,변동비
2024-06-20,CU 편의점,12400,식비,토스공유카드2,변동비
2024-06-20,시내버스,15400,교통,토스공유카드1,변동비
2024-06-21,스타벅스,20600,식비,롯데카드,변동비
2024-06-22,배달의민족,8600,식비,롯데카드,변동비
2024-06-22,투썸플레이스,19400,식비,롯데카드,변동비
2024-06-22,중앙시장,32700,전통시장,토스공유카드2,변동비
2024-06-23,BBQ 치킨,12300,식비,토스공유카드2,변동비
2024-06-23,배달의민족,12000,식비,롯데카드,변동비
2024-06-23,지하철,1800,교통,신한체크카드,변동비
2024-06-23,시내버스,7900,교통,지역화폐,변동비
2024-06-24,스타벅스,13600,식비,토스공유카드1,변동비
2024-06-24,CU 편의점,22700,식비,토스공유카드1,변동비
2024-06-24,투썸플레이스,28600,식비,토스공유카드2,변동비
2024-06-25,맘스터치,21400,식비,롯데카드,변동비
2024-06-25,맘스터치,7400,식비,토스공유카드2,변동비
2024-06-25,이마트,71600,마트,토스공유카드1,변동비
2024-06-25,SK주유소,5800,교통,지역화폐,변동비
2024-06-26,배달의민족,8000,식비,삼성카드,변동비
2024-06-26,김밥천국,21700,식비,토스공유카드2,변동비
2024-06-26,카카오 택시,4400,교통,토스공유카드1,변동비
2024-06-27,배달의민족,18900,식비,롯데카드,변동비
2024-06-27,SK주유소,15000,교통,지역화폐,변동비
2024-06-28,김밥천국,600,식비,토스공유카드1,변동비
2024-06-28,지하철,4800,교통,토스공유카드1,변동비
2024-06-29,CU 편의점,20100,식비,롯데카드,변동비
2024-06-29,CU 편의점,15500,식비,토스공유카드2,변동비
2024-06-29,SK주유소,4300,교통,신한체크카드,변동비
2024-06-30,투썸플레이스,13400,식비,롯데카드,변동비
2024-07-01,상하수도 요금,18600,공과금,신한체크카드,고정비
2024-07-01,주택담보대출 이자,411000,대출이자,신한체크카드,고정비
2024-07-01,관리실 주차비,37300,주거,신한체크카드,고정비
2024-07-01,넷플릭스 구독,10300,문화/여가,삼성카드,변동비
2024-07-01,BBQ 치킨,15900,식비,삼성카드,변동비
2024-07-01,BBQ 치킨,17700,식비,토스공유카드2,변동비
2024-07-01,카카오 택시,10100,교통,신한체크카드,변동비
2024-07-01,카카오 택시,1200,교통,토스공유카드1,변동비
2024-07-02,스타벅스,18500,식비,토스공유카드1,변동비
2024-07-02,CU 편의점,4400,식비,토스공유카드2,변동비
2024-07-02,CU 편의점,6500,식비,삼성카드,변동비
2024-07-03,아파트 관리비,234500,관리비,지역화폐,고정비
2024-07-03,한전 전기요금,105000,전기요금,지역화폐,고정비
2024-07-03,도시가스 요금,42300,가스요금,지역화폐,고정비
2024-07-03,약국,29700,의료,신한체크카드,변동비
2024-07-03,BBQ 치킨,25000,식비,토스공유카드1,변동비
2024-07-03,투썸플레이스,10500,식비,토스공유카드1,변동비
2024-07-03,가족 여행 숙박,557100,문화/여가,롯데카드,변동비
2024-07-04,SKT 휴대폰,101100,통신비,삼성카드,고정비
2024-07-04,스타벅스,9300,식비,토스공유카드2,변동비
2024-07-04,지하철,3400,교통,신한체크카드,변동비
2024-07-05,스타벅스,9500,식비,삼성카드,변동비
2024-07-05,투썸플레이스,9100,식비,토스공유카드2,변동비
2024-07-05,노브랜드,32900,마트,토스공유카드1,변동비
2024-07-05,SK주유소,8500,교통,토스공유카드1,변동비
2024-07-05,지하철,9000,교통,토스공유카드1,변동비
2024-07-06,맘스터치,6600,식비,롯데카드,변동비
2024-07-06,고속버스,19000,교통,토스공유카드1,변동비
2024-07-07,CU 편의점,18500,식비,토스공유카드2,변동비
2024-07-07,맘스터치,18400,식비,삼성카드,변동비
2024-07-07,고속버스,8200,교통,토스공유카드1,변동비
2024-07-08,CU 편의점,21000,식비,토스공유카드1,변동비
2024-07-09,스타벅스,12900,식비,토스공유카드1,변동비
2024-07-09,버거킹,6200,식비,토스공유카드2,변동비
2024-07-09,CU 편의점,23200,식비,토스공유카드2,변동비
2024-07-09,롯데마트,49100,마트,토스공유카드1,변동비
2024-07-09,지하철,11100,교통,토스공유카드1,변동비
2024-07-09,시내버스,13900,교통,토스공유카드1,변동비
2024-07-10,스타벅스,8100,식비,토스공유카드1,변동비
2024-07-11,스타벅스,17000,식비,토스공유카드2,변동비
2024-07-11,노브랜드,91700,마트,롯데카드,변동비
2024-07-11,지하철,7200,교통,토스공유카드1,변동비
2024-07-12,맘스터치,8400,식비,롯데카드,변동비
2024-07-12,스타벅스,9900,식비,롯데카드,변동비
2024-07-12,카카오 택시,10000,교통,토스공유카드1,변동비
2024-07-13,투썸플레이스,7500,식비,토스공유카드2,변동비
2024-07-13,카카오 택시,6100,교통,토스공유카드1,변동비
2024-07-14,스타벅스,11000,식비,롯데카드,변동비
2024-07-14,SK주유소,10700,교통,토스공유카드1,변동비
2024-07-15,시내버스,3600,교통,지역화폐,변동비
2024-07-16,BBQ 치킨,10300,식비,롯데카드,변동비
2024-07-16,시내버스,12100,교통,토스공유카드1,변동비
2024-07-17,투썸플레이스,500,식비,토스공유카드2,변동비
2024-07-17,투썸플레이스,11100,식비,삼성카드,변동비
2024-07-17,이마트,31800,마트,롯데카드,변동비
2024-07-18,스타벅스,14700,식비,토스공유카드2,변동비
2024-07-19,CU 편의점,4100,식비,롯데카드,변동비
2024-07-19,BBQ 치킨,500,식비,롯데카드,변동비
2024-07-20,배달의민족,6900,식비,토스공유카드2,변동비
2024-07-20,버거킹,5500,식비,토스공유카드2,변동비
2024-07-20,시내버스,14000,교통,토스공유카드1,변동비
2024-07-20,고속버스,5000,교통,토스공유카드1,변동비
2024-07-21,스타벅스,500,식비,삼성카드,변동비
2024-07-21,김밥천국,17900,식비,토스공유카드1,변동비
2024-07-22,버거킹,1300,식비,토스공유카드1,변동비
2024-07-22,버거킹,21000,식비,롯데카드,변동비
2024-07-22,스타벅스,10500,식비,토스공유카드2,변동비
2024-07-22,시내버스,7400,교통,지역화폐,변동비
2024-07-22,카카오 택시,6000,교통,지역화폐,변동비
2024-07-23,투썸플레이스,3800,식비,토스공유카드1,변동비
2024-07-23,투썸플레이스,13600,식비,토스공유카드2,변동비
2024-07-23,지하철,2500,교통,토스공유카드1,변동비
2024-07-23,카카오 택시,11800,교통,신한체크카드,변동비
2024-07-24,CU 편의점,700,식비,롯데카드,변동비
2024-07-24,BBQ 치킨,6000,식비,토스공유카드1,변동비
2024-07-24,맘스터치,15000,식비,토스공유카드2,변동비
2024-07-25,스타벅스,6200,식비,토스공유카드2,변동비
2024-07-25,지하철,13700,교통,신한체크카드,변동비
2024-07-26,SK주유소,12100,교통,지역화폐,변동비
2024-07-27,스타벅스,17400,식비,토스공유카드1,변동비
2024-07-27,맘스터치,9000,식비,토스공유카드1,변동비
2024-07-27,버거킹,22000,식비,삼성카드,변동비
2024-07-27,코스트코,76300,마트,토스공유카드1,변동비
2024-07-28,맘스터치,21000,식비,삼성카드,변동비
2024-07-28,김밥천국,13100,식비,토스공유카드2,변동비
2024-07-28,코스트코,88500,마트,삼성카드,변동비
2024-07-28,시내버스,500,교통,신한체크카드,변동비
2024-07-29,카카오 택시,12500,교통,지역화폐,변동비
2024-07-30,스타벅스,22200,식비,롯데카드,변동비
2024-07-30,배달의민족,9800,식비,토스공유카드1,변동비
2024-07-31,BBQ 치킨,10300,식비,삼성카드,변동비
2024-07-31,이마트,66200,마트,토스공유카드1,변동비
2024-07-31,카카오 택시,9600,교통,지역화폐,변동비
2024-07-31,시내버스,7700,교통,토스공유카드1,변동비
2024-08-01,도시가스 요금,55400,가스요금,신한체크카드,고정비
2024-08-01,CGV,27100,문화/여가,삼성카드,변동비
2024-08-01,유니클로,9800,의류/미용,삼성카드,변동비
2024-08-01,스타벅스,12600,식비,토스공유카드1,변동비
2024-08-01,맘스터치,9900,식비,삼성카드,변동비
2024-08-02,SKT 휴대폰,92500,통신비,신한체크카드,고정비
2024-08-02,맘스터치,20800,식비,토스공유카드1,변동비
2024-08-02,지하철,8300,교통,지역화폐,변동비
2024-08-02,SK주유소,17100,교통,토스공유카드1,변동비
2024-08-03,한전 전기요금,45300,전기요금,신한체크카드,고정비
2024-08-03,상하수도 요금,23500,공과금,신한체크카드,고정비
2024-08-03,버거킹,7800,식비,삼성카드,변동비
2024-08-03,맘스터치,4100,식비,롯데카드,변동비
2024-08-04,버거킹,14800,식비,토스공유카드1,변동비
2024-08-04,맘스터치,16200,식비,롯데카드,변동비
2024-08-04,CU 편의점,15000,식비,롯데카드,변동비
2024-08-04,SK주유소,5000,교통,신한체크카드,변동비
2024-08-05,아파트 관리비,268300,관리비,지역화폐,고정비
2024-08-05,주택담보대출 이자,399900,대출이자,신한체크카드,고정비
2024-08-05,배달의민족,3900,식비,토스공유카드1,변동비
2024-08-05,이마트,58100,마트,토스공유카드1,변동비
2024-08-06,배달의민족,26400,식비,삼성카드,변동비
2024-08-06,배달의민족,16800,식비,토스공유카드2,변동비
2024-08-07,배달의민족,500,식비,토스공유카드2,변동비
2024-08-07,김밥천국,7900,식비,토스공유카드1,변동비
2024-08-07,김밥천국,3300,식비,토스공유카드1,변동비
2024-08-08,배달의민족,18600,식비,삼성카드,변동비
2024-08-08,김밥천국,19600,식비,토스공유카드2,변동비
2024-08-08,롯데마트,500,마트,삼성카드,변동비
2024-08-10,김밥천국,3900,식비,토스공유카드2,변동비
2024-08-10,김밥천국,15100,식비,삼성카드,변동비
2024-08-10,롯데마트,88900,마트,토스공유카드1,변동비
2024-08-10,카카오 택시,8700,교통,지역화폐,변동비
2024-08-10,SK주유소,11800,교통,지역화폐,변동비
2024-08-11,김밥천국,3800,식비,토스공유카드2,변동비
2024-08-11,망원시장,20900,전통시장,지역화폐,변동비
2024-08-11,고속버스,6300,교통,신한체크카드,변동비
2024-08-11,카카오 택시,1600,교통,토스공유카드1,변동비
2024-08-12,롯데마트,68700,마트,롯데카드,변동비
2024-08-13,스타벅스,13500,식비,토스공유카드1,변동비
2024-08-13,투썸플레이스,18400,식비,토스공유카드1,변동비
2024-08-14,맘스터치,15300,식비,토스공유카드2,변동비
2024-08-14,시내버스,10000,교통,신한체크카드,변동비
2024-08-15,버거킹,14800,식비,토스공유카드1,변동비
2024-08-16,CU 편의점,10600,식비,삼성카드,변동비
2024-08-16,맘스터치,8600,식비,토스공유카드2,변동비
2024-08-17,배달의민족,500,식비,토스공유카드2,변동비
2024-08-17,BBQ 치킨,4700,식비,롯데카드,변동비
2024-08-17,BBQ 치킨,10000,식비,롯데카드,변동비
2024-08-18,김밥천국,21900,식비,토스공유카드1,변동비
2024-08-18,맘스터치,22500,식비,토스공유카드1,변동비
2024-08-18,경동시장,26600,전통시장,지역화폐,변동비
2024-08-19,CU 편의점,22500,식비,롯데카드,변동비
2024-08-19,배달의민족,15100,식비,토스공유카드2,변동비
2024-08-20,스타벅스,12200,식비,토스공유카드1,변동비
2024-08-20,김밥천국,17700,식비,토스공유카드2,변동비
2024-08-20,망원시장,17600,전통시장,토스공유카드2,변동비
2024-08-20,고속버스,6300,교통,신한체크카드,변동비
2024-08-21,고속버스,8200,교통,지역화폐,변동비
2024-08-22,CU 편의점,900,식비,토스공유카드1,변동비
2024-08-22,CU 편의점,14600,식비,토스공유카드2,변동비
2024-08-22,버거킹,15600,식비,삼성카드,변동비
2024-08-22,코스트코,77800,마트,롯데카드,변동비
2024-08-22,카카오 택시,9700,교통,지역화폐,변동비
2024-08-23,지하철,500,교통,지역화폐,변동비
2024-08-23,고속버스,12100,교통,신한체크카드,변동비
2024-08-24,스타벅스,2700,식비,삼성카드,변동비
2024-08-24,김밥천국,2400,식비,토스공유카드1,변동비
2024-08-24,배달의민족,6000,식비,토스공유카드1,변동비
2024-08-24,시내버스,11800,교통,신한체크카드,변동비
2024-08-25,스타벅스,2100,식비,토스공유카드2,변동비
2024-08-25,이마트,59900,마트,토스공유카드1,변동비
2024-08-26,스타벅스,17900,식비,토스공유카드1,변동비
2024-08-26,스타벅스,24800,식비,토스공유카드1,변동비
2024-08-26,홈플러스,34400,마트,토스공유카드1,변동비
2024-08-28,투썸플레이스,7600,식비,토스공유카드1,변동비
2024-08-28,스타벅스,9700,식비,삼성카드,변동비
2024-08-28,SK주유소,6500,교통,토스공유카드1,변동비
2024-08-29,CU 편의점,9500,식비,삼성카드,변동비
2024-08-29,스타벅스,4800,식비,토스공유카드1,변동비
2024-08-29,이마트,86200,마트,토스공유카드1,변동비
2024-08-29,고속버스,13300,교통,토스공유카드1,변동비
2024-08-30,맘스터치,14900,식비,토스공유카드2,변동비
2024-08-30,이마트,63400,마트,롯데카드,변동비
2024-08-30,카카오 택시,19300,교통,신한체크카드,변동비
2024-08-30,지하철,7700,교통,지역화폐,변동비
2024-08-31,맘스터치,18300,식비,롯데카드,변동비
2024-08-31,롯데마트,50800,마트,삼성카드,변동비
2024-08-31,고속버스,500,교통,신한체크카드,변동비
2024-09-01,관리실 주차비,35100,주거,신한체크카드,고정비
2024-09-01,카카오 택시,8900,교통,지역화폐,변동비
2024-09-01,고속버스,5100,교통,신한체크카드,변동비
2024-09-02,도시가스 요금,67300,가스요금,지역화폐,고정비
2024-09-02,상하수도 요금,26300,공과금,지역화폐,고정비
2024-09-02,BBQ 치킨,17400,식비,롯데카드,변동비
2024-09-03,한전 전기요금,83300,전기요금,지역화폐,고정비
2024-09-03,연세의원,50700,의료,신한체크카드,변동비
2024-09-03,배달의민족,19300,식비,롯데카드,변동비
2024-09-03,코스트코,89400,마트,토스공유카드1,변동비
2024-09-03,시내버스,800,교통,토스공유카드1,변동비
2024-09-04,아파트 관리비,264100,관리비,지역화폐,고정비
2024-09-04,주택담보대출 이자,427700,대출이자,신한체크카드,고정비
2024-09-04,BBQ 치킨,8600,식비,삼성카드,변동비
2024-09-04,경동시장,500,전통시장,지역화폐,변동비
2024-09-04,부모님 생신 선물,138700,경조사,롯데카드,변동비
2024-09-05,SKT 휴대폰,98300,통신비,신한체크카드,고정비
2024-09-05,교보문고,18600,문화/여가,롯데카드,변동비
2024-09-05,스타벅스,12800,식비,삼성카드,변동비
2024-09-05,김밥천국,14300,식비,토스공유카드2,변동비
2024-09-05,롯데마트,45900,마트,롯데카드,변동비
2024-09-05,고속버스,7600,교통,지역화폐,변동비
2024-09-06,고속버스,16800,교통,신한체크카드,변동비
2024-09-06,지하철,9300,교통,토스공유카드1,변동비
2024-09-07,맘스터치,3500,식비,토스공유카드2,변동비
2024-09-07,스타벅스,18600,식비,롯데카드,변동비
2024-09-08,CU 편의점,20500,식비,토스공유카드2,변동비
2024-09-08,SK주유소,11100,교통,지역화폐,변동비
2024-09-09,투썸플레이스,14300,식비,롯데카드,변동비
2024-09-09,투썸플레이스,17800,식비,삼성카드,변동비
2024-09-09,롯데마트,43700,마트,삼성카드,변동비
2024-09-10,버거킹,8000,식비,롯데카드,변동비
2024-09-10,김밥천국,25500,식비,삼성카드,변동비
2024-09-10,카카오 택시,7500,교통,토스공유카드1,변동비
2024-09-11,SK주유소,12100,교통,토스공유카드1,변동비
2024-09-12,배달의민족,8900,식비,토스공유카드1,변동비
2024-09-12,투썸플레이스,12600,식비,삼성카드,변동비
2024-09-12,시내버스,10700,교통,지역화폐,변동비
2024-09-13,BBQ 치킨,25400,식비,롯데카드,변동비
2024-09-14,투썸플레이스,10600,식비,롯데카드,변동비
2024-09-14,김밥천국,10300,식비,토스공유카드1,변동비
2024-09-14,SK주유소,4800,교통,지역화폐,변동비
2024-09-14,카카오 택시,6100,교통,토스공유카드1,변동비
2024-09-15,맘스터치,11500,식비,삼성카드,변동비
2024-09-15,김밥천국,19800,식비,삼성카드,변동비
2024-09-16,배달의민족,25100,식비,롯데카드,변동비
2024-09-17,김밥천국,500,식비,토스공유카드1,변동비
2024-09-17,버거킹,10400,식비,토스공유카드1,변동비
2024-09-18,BBQ 치킨,2300,식비,토스공유카드1,변동비
2024-09-18,지하철,23400,교통,신한체크카드,변동비
2024-09-19,버거킹,14200,식비,토스공유카드1,변동비
2024-09-20,CU 편의점,16500,식비,토스공유카드1,변동비
2024-09-21,카카오 택시,5600,교통,토스공유카드1,변동비
2024-09-22,롯데마트,77400,마트,삼성카드,변동비
2024-09-22,고속버스,8000,교통,토스공유카드1,변동비
2024-09-23,김밥천국,6900,식비,토스공유카드2,변동비
2024-09-23,CU 편의점,22200,식비,토스공유카드1,변동비
2024-09-23,스타벅스,20700,식비,삼성카드,변동비
2024-09-23,고속버스,1100,교통,지역화폐,변동비
2024-09-24,CU 편의점,10200,식비,삼성카드,변동비
2024-09-24,버거킹,8900,식비,토스공유카드2,변동비
2024-09-24,CU 편의점,6600,식비,토스공유카드2,변동비
2024-09-24,고속버스,11800,교통,토스공유카드1,변동비
2024-09-24,고속버스,15600,교통,토스공유카드1,변동비
2024-09-25,시내버스,11600,교통,지역화폐,변동비
2024-09-26,CU 편의점,5400,식비,토스공유카드2,변동비
2024-09-26,스타벅스,17900,식비,토스공유카드1,변동비
2024-09-26,스타벅스,14500,식비,삼성카드,변동비
2024-09-26,중앙시장,10600,전통시장,토스공유카드2,변동비
2024-09-27,스타벅스,1100,식비,롯데카드,변동비
2024-09-27,스타벅스,13800,식비,토스공유카드2,변동비
2024-09-27,SK주유소,12900,교통,토스공유카드1,변동비
2024-09-27,카카오 택시,8100,교통,지역화폐,변동비
2024-09-28,김밥천국,13600,식비,삼성카드,변동비
2024-09-28,김밥천국,13100,식비,토스공유카드1,변동비
2024-09-28,카카오 택시,11700,교통,신한체크카드,변동비
2024-09-29,BBQ 치킨,24300,식비,토스공유카드1,변동비
2024-09-29,투썸플레이스,30500,식비,토스공유카드1,변동비
2024-09-29,BBQ 치킨,500,식비,토스공유카드1,변동비
2024-09-29,SK주유소,10800,교통,지역화폐,변동비
2024-09-29,시내버스,8300,교통,토스공유카드1,변동비
2024-09-30,지하철,4000,교통,토스공유카드1,변동비
2024-10-01,한전 전기요금,65400,전기요금,신한체크카드,고정비
2024-10-01,SKT 휴대폰,90900,통신비,삼성카드,고정비
2024-10-01,올리브영,64000,의류/미용,롯데카드,변동비
2024-10-01,SK주유소,2900,교통,신한체크카드,변동비
2024-10-02,상하수도 요금,26100,공과금,지역화폐,고정비
2024-10-02,관리실 주차비,48600,주거,신한체크카드,고정비
2024-10-02,배달의민족,16500,식비,롯데카드,변동비
2024-10-02,SK주유소,9500,교통,토스공유카드1,변동비
2024-10-03,도시가스 요금,26200,가스요금,지역화폐,고정비
2024-10-04,약국,48500,의료,삼성카드,변동비
2024-10-04,유튜브 프리미엄,26500,문화/여가,롯데카드,변동비
2024-10-04,고속버스,7300,교통,신한체크카드,변동비
2024-10-04,카카오 택시,14500,교통,지역화폐,변동비
2024-10-05,아파트 관리비,280200,관리비,지역화폐,고정비
2024-10-05,주택담보대출 이자,412800,대출이자,신한체크카드,고정비
2024-10-05,SK주유소,9800,교통,지역화폐,변동비
2024-10-05,지하철,2500,교통,지역화폐,변동비
2024-10-06,배달의민족,26400,식비,롯데카드,변동비
2024-10-06,투썸플레이스,11400,식비,토스공유카드2,변동비
2024-10-07,CU 편의점,2300,식비,삼성카드,변동비
2024-10-07,SK주유소,2900,교통,지역화폐,변동비
2024-10-07,지하철,7700,교통,토스공유카드1,변동비
2024-10-08,김밥천국,19100,식비,토스공유카드1,변동비
2024-10-08,맘스터치,2700,식비,토스공유카드2,변동비
2024-10-08,고속버스,10600,교통,토스공유카드1,변동비
2024-10-09,SK주유소,9100,교통,신한체크카드,변동비
2024-10-09,카카오 택시,6800,교통,지역화폐,변동비
2024-10-10,버거킹,17700,식비,토스공유카드2,변동비
2024-10-10,고속버스,8900,교통,신한체크카드,변동비
2024-10-11,지하철,11300,교통,토스공유카드1,변동비
2024-10-11,고속버스,10500,교통,지역화폐,변동비
2024-10-12,버거킹,19900,식비,토스공유카드2,변동비
2024-10-12,CU 편의점,7300,식비,토스공유카드1,변동비
2024-10-12,카카오 택시,2800,교통,신한체크카드,변동비
2024-10-12,카카오 택시,5900,교통,토스공유카드1,변동비
2024-10-13,맘스터치,13300,식비,토스공유카드1,변동비
2024-10-13,고속버스,5200,교통,토스공유카드1,변동비
2024-10-14,맘스터치,17000,식비,삼성카드,변동비
2024-10-14,카카오 택시,8700,교통,토스공유카드1,변동비
2024-10-15,맘스터치,19300,식비,토스공유카드2,변동비
2024-10-16,배달의민족,10000,식비,롯데카드,변동비
2024-10-16,BBQ 치킨,4000,식비,삼성카드,변동비
2024-10-16,경동시장,25500,전통시장,토스공유카드2,변동비
2024-10-16,SK주유소,14200,교통,지역화폐,변동비
2024-10-16,고속버스,4800,교통,지역화폐,변동비
2024-10-17,스타벅스,21200,식비,토스공유카드1,변동비
2024-10-17,투썸플레이스,19200,식비,토스공유카드2,변동비
2024-10-17,카카오 택시,5100,교통,신한체크카드,변동비
2024-10-18,스타벅스,16800,식비,삼성카드,변동비
2024-10-18,카카오 택시,10800,교통,신한체크카드,변동비
2024-10-19,김밥천국,5600,식비,삼성카드,변동비
2024-10-19,김밥천국,8900,식비,토스공유카드1,변동비
2024-10-19,시내버스,5700,교통,토스공유카드1,변동비
2024-10-20,CU 편의점,10100,식비,토스공유카드2,변동비
2024-10-20,고속버스,1400,교통,신한체크카드,변동비
2024-10-21,투썸플레이스,16000,식비,롯데카드,변동비
2024-10-21,투썸플레이스,5000,식비,삼성카드,변동비
2024-10-21,이마트,70900,마트,롯데카드,변동비
2024-10-21,시내버스,14300,교통,지역화폐,변동비
2024-10-22,버거킹,15500,식비,토스공유카드1,변동비
2024-10-22,BBQ 치킨,21400,식비,롯데카드,변동비
2024-10-22,시내버스,7800,교통,지역화폐,변동비
2024-10-23,버거킹,4000,식비,롯데카드,변동비
2024-10-23,카카오 택시,9300,교통,토스공유카드1,변동비
2024-10-23,카카오 택시,7700,교통,지역화폐,변동비
2024-10-24,BBQ 치킨,20400,식비,토스공유카드1,변동비
2024-10-24,김밥천국,500,식비,삼성카드,변동비
2024-10-24,시내버스,14300,교통,지역화폐,변동비
2024-10-25,투썸플레이스,10300,식비,토스공유카드1,변동비
2024-10-25,카카오 택시,12500,교통,지역화폐,변동비
2024-10-26,고속버스,8200,교통,토스공유카드1,변동비
2024-10-27,CU 편의점,22800,식비,삼성카드,변동비
2024-10-27,시내버스,10800,교통,신한체크카드,변동비
2024-10-28,투썸플레이스,17100,식비,삼성카드,변동비
2024-10-29,BBQ 치킨,15700,식비,롯데카드,변동비
2024-10-29,맘스터치,9300,식비,삼성카드,변동비
2024-10-29,배달의민족,6400,식비,토스공유카드1,변동비
2024-10-30,버거킹,21300,식비,토스공유카드1,변동비
2024-10-30,카카오 택시,8700,교통,토스공유카드1,변동비
2024-10-31,맘스터치,17000,식비,롯데카드,변동비
2024-10-31,시내버스,7200,교통,토스공유카드1,변동비
2024-10-31,가족 여행 숙박,470900,문화/여가,롯데카드,변동비
2024-11-01,아파트 관리비,229700,관리비,신한체크카드,고정비
2024-11-01,한전 전기요금,65800,전기요금,지역화폐,고정비
2024-11-01,카카오 택시,14500,교통,지역화폐,변동비
2024-11-02,온라인 강의,192500,교육,삼성카드,변동비
2024-11-02,스타벅스,13500,식비,토스공유카드2,변동비
2024-11-03,도시가스 요금,70000,가스요금,신한체크카드,고정비
2024-11-03,CU 편의점,13500,식비,삼성카드,변동비
2024-11-03,투썸플레이스,24300,식비,삼성카드,변동비
2024-11-03,홈플러스,30700,마트,토스공유카드1,변동비
2024-11-04,상하수도 요금,24200,공과금,지역화폐,고정비
2024-11-04,교보문고,29800,문화/여가,삼성카드,변동비
2024-11-04,배달의민족,22700,식비,토스공유카드2,변동비
2024-11-04,경동시장,3300,전통시장,토스공유카드2,변동비
2024-11-05,KT 인터넷+TV,96700,통신비,삼성카드,고정비
2024-11-05,주택담보대출 이자,421500,대출이자,신한체크카드,고정비
2024-11-05,연세의원,27500,의료,삼성카드,변동비
2024-11-05,BBQ 치킨,19300,식비,삼성카드,변동비
2024-11-05,맘스터치,11000,식비,토스공유카드1,변동비
2024-11-06,버거킹,11600,식비,토스공유카드1,변동비
2024-11-07,김밥천국,9200,식비,토스공유카드2,변동비
2024-11-07,카카오 택시,11200,교통,신한체크카드,변동비
2024-11-08,BBQ 치킨,7600,식비,롯데카드,변동비
2024-11-08,스타벅스,11200,식비,토스공유카드1,변동비
2024-11-08,카카오 택시,6700,교통,토스공유카드1,변동비
2024-11-09,맘스터치,10900,식비,롯데카드,변동비
2024-11-09,투썸플레이스,500,식비,삼성카드,변동비
2024-11-09,고속버스,1200,교통,신한체크카드,변동비
2024-11-10,버거킹,15100,식비,삼성카드,변동비
2024-11-10,고속버스,10900,교통,토스공유카드1,변동비
2024-11-11,스타벅스,13300,식비,토스공유카드2,변동비
2024-11-11,스타벅스,20300,식비,삼성카드,변동비
2024-11-11,시내버스,16800,교통,신한체크카드,변동비
2024-11-12,버거킹,11600,식비,삼성카드,변동비
2024-11-12,SK주유소,8900,교통,지역화폐,변동비
2024-11-13,카카오 택시,9600,교통,토스공유카드1,변동비
2024-11-13,고속버스,5300,교통,지역화폐,변동비
2024-11-14,투썸플레이스,6200,식비,롯데카드,변동비
2024-11-14,고속버스,12400,교통,신한체크카드,변동비
2024-11-14,카카오 택시,9500,교통,신한체크카드,변동비
2024-11-15,배달의민족,7100,식비,삼성카드,변동비
2024-11-15,BBQ 치킨,14400,식비,토스공유카드1,변동비
2024-11-15,지하철,9400,교통,토스공유카드1,변동비
2024-11-16,CU 편의점,11500,식비,토스공유카드2,변동비
2024-11-16,SK주유소,3500,교통,지역화폐,변동비
2024-11-17,스타벅스,9300,식비,롯데카드,변동비
2024-11-17,부모님 생신 선물,101900,경조사,삼성카드,변동비
2024-11-18,투썸플레이스,11200,식비,롯데카드,변동비
2024-11-18,버거킹,17600,식비,토스공유카드2,변동비
2024-11-18,BBQ 치킨,11400,식비,삼성카드,변동비
2024-11-19,스타벅스,7000,식비,삼성카드,변동비
2024-11-19,고속버스,4700,교통,지역화폐,변동비
2024-11-20,투썸플레이스,13900,식비,토스공유카드2,변동비
2024-11-21,배달의민족,13900,식비,롯데카드,변동비
2024-11-21,맘스터치,9300,식비,롯데카드,변동비
2024-11-21,투썸플레이스,13400,식비,토스공유카드2,변동비
2024-11-21,중앙시장,24300,전통시장,토스공유카드2,변동비
2024-11-21,고속버스,15100,교통,지역화폐,변동비
2024-11-22,버거킹,8000,식비,롯데카드,변동비
2024-11-22,시내버스,8400,교통,지역화폐,변동비
2024-11-23,배달의민족,9900,식비,롯데카드,변동비
2024-11-23,투썸플레이스,11400,식비,삼성카드,변동비
2024-11-23,시내버스,3300,교통,신한체크카드,변동비
2024-11-24,투썸플레이스,17200,식비,토스공유카드1,변동비
2024-11-24,버거킹,20000,식비,삼성카드,변동비
2024-11-24,카카오 택시,7800,교통,토스공유카드1,변동비
2024-11-25,버거킹,22200,식비,토스공유카드2,변동비
2024-11-25,시내버스,7600,교통,신한체크카드,변동비
2024-11-26,스타벅스,19700,식비,토스공유카드1,변동비
2024-11-26,배달의민족,17900,식비,삼성카드,변동비
2024-11-26,시내버스,2700,교통,지역화폐,변동비
2024-11-26,지하철,9000,교통,신한체크카드,변동비
2024-11-27,맘스터치,4300,식비,토스공유카드2,변동비
2024-11-27,고속버스,3900,교통,지역화폐,변동비
2024-11-28,스타벅스,8200,식비,삼성카드,변동비
2024-11-28,버거킹,7200,식비,삼성카드,변동비
2024-11-28,배달의민족,14800,식비,삼성카드,변동비
2024-11-28,지하철,3300,교통,지역화폐,변동비
2024-11-29,SK주유소,3900,교통,토스공유카드1,변동비
2024-11-30,맘스터치,8600,식비,토스공유카드1,변동비
2024-11-30,CU 편의점,5600,식비,삼성카드,변동비
2024-11-30,고속버스,14000,교통,지역화폐,변동비
2024-11-30,카카오 택시,10200,교통,토스공유카드1,변동비
2024-12-01,SKT 휴대폰,97800,통신비,신한체크카드,고정비
2024-12-01,김밥천국,16400,식비,롯데카드,변동비
2024-12-01,이마트,37900,마트,토스공유카드1,변동비
2024-12-01,지하철,8400,교통,지역화폐,변동비
2024-12-02,상하수도 요금,26200,공과금,신한체크카드,고정비
2024-12-02,무신사,82800,의류/미용,롯데카드,변동비
2024-12-02,CU 편의점,4300,식비,토스공유카드1,변동비
2024-12-02,BBQ 치킨,24600,식비,토스공유카드1,변동비
2024-12-02,카카오 택시,3100,교통,신한체크카드,변동비
2024-12-02,시내버스,8000,교통,토스공유카드1,변동비
2024-12-03,아파트 관리비,281200,관리비,지역화폐,고정비
2024-12-03,한전 전기요금,52700,전기요금,신한체크카드,고정비
2024-12-03,도시가스 요금,500,가스요금,신한체크카드,고정비
2024-12-03,관리실 주차비,36300,주거,신한체크카드,고정비
2024-12-03,BBQ 치킨,9300,식비,롯데카드,변동비
2024-12-03,CU 편의점,4600,식비,삼성카드,변동비
2024-12-03,카카오 택시,11800,교통,토스공유카드1,변동비
2024-12-05,주택담보대출 이자,415200,대출이자,신한체크카드,고정비
2024-12-05,유튜브 프리미엄,23400,문화/여가,롯데카드,변동비
2024-12-05,버거킹,15100,식비,토스공유카드1,변동비
2024-12-05,SK주유소,10900,교통,신한체크카드,변동비
2024-12-06,CU 편의점,8300,식비,토스공유카드2,변동비
2024-12-06,홈플러스,77000,마트,토스공유카드1,변동비
2024-12-06,카카오 택시,9700,교통,신한체크카드,변동비
2024-12-06,시내버스,3200,교통,지역화폐,변동비
2024-12-07,스타벅스,12000,식비,토스공유카드2,변동비
2024-12-07,BBQ 치킨,13200,식비,삼성카드,변동비
2024-12-07,카카오 택시,8700,교통,토스공유카드1,변동비
2024-12-08,배달의민족,7200,식비,토스공유카드2,변동비
2024-12-08,맘스터치,12100,식비,토스공유카드1,변동비
2024-12-08,카카오 택시,6700,교통,신한체크카드,변동비
2024-12-09,버거킹,9000,식비,토스공유카드1,변동비
2024-12-10,스타벅스,19000,식비,토스공유카드1,변동비
2024-12-10,SK주유소,11000,교통,신한체크카드,변동비
2024-12-10,학기 등록금 분할,679300,교육,신한체크카드,변동비
2024-12-11,스타벅스,8600,식비,삼성카드,변동비
2024-12-11,고속버스,1000,교통,지역화폐,변동비
2024-12-12,카카오 택시,4600,교통,토스공유카드1,변동비
2024-12-13,버거킹,22300,식비,토스공유카드1,변동비
2024-12-13,BBQ 치킨,5100,식비,토스공유카드2,변동비
2024-12-13,이마트,70900,마트,삼성카드,변동비
2024-12-13,지하철,10100,교통,지역화폐,변동비
2024-12-14,맘스터치,26600,식비,토스공유카드2,변동비
2024-12-14,중앙시장,35300,전통시장,지역화폐,변동비
2024-12-15,맘스터치,4800,식비,토스공유카드1,변동비
2024-12-15,김밥천국,1000,식비,삼성카드,변동비
2024-12-16,스타벅스,23200,식비,토스공유카드1,변동비
2024-12-16,카카오 택시,9100,교통,토스공유카드1,변동비
2024-12-16,SK주유소,14400,교통,토스공유카드1,변동비
2024-12-17,BBQ 치킨,25800,식비,토스공유카드2,변동비
2024-12-18,김밥천국,15500,식비,토스공유카드1,변동비
2024-12-19,스타벅스,5900,식비,토스공유카드1,변동비
2024-12-19,SK주유소,12300,교통,지역화폐,변동비
2024-12-20,버거킹,10400,식비,삼성카드,변동비
2024-12-20,배달의민족,8700,식비,토스공유카드2,변동비
2024-12-20,SK주유소,7200,교통,신한체크카드,변동비
2024-12-21,맘스터치,8400,식비,토스공유카드1,변동비
2024-12-21,SK주유소,9400,교통,지역화폐,변동비
2024-12-21,지하철,9400,교통,토스공유카드1,변동비
2024-12-22,BBQ 치킨,18300,식비,토스공유카드1,변동비
2024-12-23,배달의민족,14300,식비,토스공유카드1,변동비
2024-12-23,롯데마트,68700,마트,토스공유카드1,변동비
2024-12-23,경동시장,28800,전통시장,토스공유카드2,변동비
2024-12-23,SK주유소,11800,교통,신한체크카드,변동비
2024-12-24,배달의민족,6500,식비,삼성카드,변동비
2024-12-24,롯데마트,100200,마트,롯데카드,변동비
2024-12-25,버거킹,18400,식비,롯데카드,변동비
2024-12-25,김밥천국,1000,식비,토스공유카드2,변동비
2024-12-25,지하철,10000,교통,지역화폐,변동비
2024-12-26,김밥천국,23800,식비,토스공유카드2,변동비
2024-12-26,시내버스,7200,교통,토스공유카드1,변동비
2024-12-26,고속버스,7100,교통,지역화폐,변동비
2024-12-27,버거킹,17600,식비,삼성카드,변동비
2024-12-27,지하철,15900,교통,지역화폐,변동비
2024-12-28,맘스터치,8900,식비,롯데카드,변동비
2024-12-28,BBQ 치킨,16200,식비,삼성카드,변동비
2024-12-28,망원시장,6800,전통시장,토스공유카드2,변동비
2024-12-28,지하철,8000,교통,지역화폐,변동비
2024-12-28,카카오 택시,4200,교통,지역화폐,변동비
2024-12-28,정기 건강검진,129500,의료,신한체크카드,변동비
2024-12-29,카카오 택시,3100,교통,신한체크카드,변동비
2024-12-30,배달의민족,10500,식비,삼성카드,변동비
2024-12-30,버거킹,6900,식비,롯데카드,변동비
2024-12-31,김밥천국,5000,식비,토스공유카드1,변동비
2024-12-31,BBQ 치킨,9400,식비,토스공유카드1,변동비
2024-12-31,시내버스,10100,교통,신한체크카드,변동비
2024-12-31,카카오 택시,9000,교통,토스공유카드1,변동비
2025-01-01,아파트 관리비,255800,관리비,신한체크카드,고정비
2025-01-01,관리실 주차비,36700,주거,신한체크카드,고정비
2025-01-01,배달의민족,15500,식비,롯데카드,변동비
2025-01-01,맘스터치,8100,식비,토스공유카드1,변동비
2025-01-01,홈플러스,69000,마트,토스공유카드1,변동비
2025-01-01,시내버스,7600,교통,토스공유카드1,변동비
2025-01-02,한전 전기요금,23500,전기요금,지역화폐,고정비
2025-01-02,주택담보대출 이자,432800,대출이자,신한체크카드,고정비
2025-01-02,치과,14500,의료,삼성카드,변동비
2025-01-02,교보문고,31600,문화/여가,삼성카드,변동비
2025-01-02,스타벅스,4600,식비,롯데카드,변동비
2025-01-02,CU 편의점,9800,식비,토스공유카드2,변동비
2025-01-03,SKT 휴대폰,109100,통신비,삼성카드,고정비
2025-01-03,투썸플레이스,2800,식비,토스공유카드2,변동비
2025-01-03,CU 편의점,12700,식비,토스공유카드1,변동비
2025-01-03,SK주유소,8400,교통,토스공유카드1,변동비
2025-01-03,카카오 택시,3800,교통,토스공유카드1,변동비
2025-01-04,김밥천국,6700,식비,토스공유카드1,변동비
2025-01-04,지하철,11600,교통,토스공유카드1,변동비
2025-01-04,지하철,13400,교통,토스공유카드1,변동비
2025-01-05,도시가스 요금,79600,가스요금,지역화폐,고정비
2025-01-05,상하수도 요금,36300,공과금,지역화폐,고정비
2025-01-05,온라인 강의,147100,교육,삼성카드,변동비
2025-01-05,망원시장,20600,전통시장,지역화폐,변동비
2025-01-05,지하철,9300,교통,신한체크카드,변동비
2025-01-05,고속버스,500,교통,토스공유카드1,변동비
2025-01-06,스타벅스,19400,식비,삼성카드,변동비
2025-01-06,코스트코,73500,마트,토스공유카드1,변동비
2025-01-07,투썸플레이스,8600,식비,롯데카드,변동비
2025-01-08,맘스터치,10900,식비,토스공유카드1,변동비
2025-01-08,배달의민족,11900,식비,롯데카드,변동비
2025-01-09,투썸플레이스,3900,식비,토스공유카드2,변동비
2025-01-09,맘스터치,16400,식비,롯데카드,변동비
2025-01-10,CU 편의점,9300,식비,삼성카드,변동비
2025-01-11,투썸플레이스,24500,식비,롯데카드,변동비
2025-01-11,김밥천국,10900,식비,토스공유카드2,변동비
2025-01-12,중앙시장,21200,전통시장,토스공유카드2,변동비
2025-01-12,시내버스,12000,교통,지역화폐,변동비
2025-01-13,김밥천국,2900,식비,삼성카드,변동비
2025-01-13,시내버스,8400,교통,지역화폐,변동비
2025-01-14,투썸플레이스,5900,식비,롯데카드,변동비
2025-01-14,롯데마트,108800,마트,삼성카드,변동비
2025-01-15,배달의민족,13500,식비,토스공유카드1,변동비
2025-01-15,시내버스,5600,교통,신한체크카드,변동비
2025-01-16,지하철,9000,교통,토스공유카드1,변동비
2025-01-17,버거킹,14500,식비,롯데카드,변동비
2025-01-17,CU 편의점,11800,식비,토스공유카드2,변동비
2025-01-17,BBQ 치킨,9800,식비,롯데카드,변동비
2025-01-18,버거킹,3700,식비,삼성카드,변동비
2025-01-18,고속버스,6300,교통,지역화폐,변동비
2025-01-19,배달의민족,10400,식비,토스공유카드1,변동비
2025-01-19,이마트,101100,마트,롯데카드,변동비
2025-01-20,CU 편의점,13900,식비,토스공유카드2,변동비
2025-01-20,김밥천국,12000,식비,토스공유카드2,변동비
2025-01-20,SK주유소,11300,교통,지역화폐,변동비
2025-01-20,시내버스,4300,교통,토스공유카드1,변동비
2025-01-21,배달의민족,28300,식비,토스공유카드1,변동비
2025-01-21,CU 편의점,16900,식비,토스공유카드2,변동비
2025-01-21,투썸플레이스,13000,식비,토스공유카드1,변동비
2025-01-21,고속버스,7200,교통,신한체크카드,변동비
2025-01-21,지하철,2200,교통,지역화폐,변동비
2025-01-22,버거킹,2800,식비,삼성카드,변동비
2025-01-22,스타벅스,9200,식비,삼성카드,변동비
2025-01-22,맘스터치,18900,식비,토스공유카드2,변동비
2025-01-22,시내버스,3500,교통,신한체크카드,변동비
2025-01-22,카카오 택시,10600,교통,토스공유카드1,변동비
2025-01-23,스타벅스,14000,식비,삼성카드,변동비
2025-01-23,고속버스,10100,교통,지역화폐,변동비
2025-01-23,정기 건강검진,144000,의료,롯데카드,변동비
2025-01-24,스타벅스,8000,식비,삼성카드,변동비
2025-01-24,지하철,3700,교통,지역화폐,변동비
2025-01-24,카카오 택시,9200,교통,지역화폐,변동비
2025-01-25,투썸플레이스,9700,식비,토스공유카드2,변동비
2025-01-25,버거킹,500,식비,토스공유카드1,변동비
2025-01-25,홈플러스,78400,마트,롯데카드,변동비
2025-01-26,버거킹,5400,식비,삼성카드,변동비
2025-01-26,김밥천국,7100,식비,롯데카드,변동비
2025-01-26,CU 편의점,23700,식비,삼성카드,변동비
2025-01-26,카카오 택시,11300,교통,지역화폐,변동비
2025-01-27,BBQ 치킨,8900,식비,삼성카드,변동비
2025-01-27,배달의민족,13700,식비,토스공유카드2,변동비
2025-01-27,광장시장,28800,전통시장,지역화폐,변동비
2025-01-27,지하철,7100,교통,지역화폐,변동비
2025-01-28,BBQ 치킨,18500,식비,토스공유카드1,변동비
2025-01-28,BBQ 치킨,7000,식비,삼성카드,변동비
2025-01-28,투썸플레이스,11300,식비,토스공유카드2,변동비
2025-01-28,고속버스,8700,교통,토스공유카드1,변동비
2025-01-28,고속버스,500,교통,지역화폐,변동비
2025-01-29,BBQ 치킨,10700,식비,토스공유카드2,변동비
2025-01-29,망원시장,12000,전통시장,지역화폐,변동비
2025-01-29,고속버스,7500,교통,토스공유카드1,변동비
2025-01-30,김밥천국,11200,식비,토스공유카드1,변동비
2025-01-30,버거킹,19800,식비,토스공유카드2,변동비
2025-01-30,스타벅스,4500,식비,롯데카드,변동비
2025-01-30,SK주유소,10600,교통,지역화폐,변동비
2025-01-31,맘스터치,17000,식비,삼성카드,변동비
2025-01-31,투썸플레이스,21400,식비,토스공유카드2,변동비
2025-01-31,중앙시장,8700,전통시장,지역화폐,변동비
2025-01-31,지하철,4600,교통,신한체크카드,변동비
2025-01-31,카카오 택시,4900,교통,지역화폐,변동비
2025-02-01,아파트 관리비,219300,관리비,지역화폐,고정비
2025-02-01,상하수도 요금,22700,공과금,신한체크카드,고정비
2025-02-01,코스트코,89500,마트,롯데카드,변동비
2025-02-02,버거킹,11500,식비,롯데카드,변동비
2025-02-02,고속버스,9500,교통,토스공유카드1,변동비
2025-02-03,한전 전기요금,50700,전기요금,지역화폐,고정비
2025-02-03,연세의원,27900,의료,신한체크카드,변동비
2025-02-03,스타벅스,24400,식비,토스공유카드1,변동비
2025-02-03,배달의민족,10600,식비,롯데카드,변동비
2025-02-03,지하철,8400,교통,지역화폐,변동비
2025-02-03,카카오 택시,500,교통,신한체크카드,변동비
2025-02-04,도시가스 요금,54900,가스요금,지역화폐,고정비
2025-02-04,주택담보대출 이자,413000,대출이자,신한체크카드,고정비
2025-02-04,여행지 숙박,21900,문화/여가,삼성카드,변동비
2025-02-04,고속버스,8700,교통,지역화폐,변동비
2025-02-05,LG U+ 휴대폰,98900,통신비,신한체크카드,고정비
2025-02-05,유니클로,13000,의류/미용,삼성카드,변동비
2025-02-05,결혼식 축의금,81700,경조사,롯데카드,변동비
2025-02-05,SK주유소,10700,교통,토스공유카드1,변동비
2025-02-05,고속버스,18700,교통,신한체크카드,변동비
2025-02-06,CU 편의점,4700,식비,토스공유카드1,변동비
2025-02-06,시내버스,4500,교통,토스공유카드1,변동비
2025-02-07,BBQ 치킨,7600,식비,삼성카드,변동비
2025-02-07,김밥천국,8000,식비,롯데카드,변동비
2025-02-07,롯데마트,500,마트,토스공유카드1,변동비
2025-02-07,시내버스,12600,교통,신한체크카드,변동비
2025-02-09,버거킹,500,식비,토스공유카드1,변동비
2025-02-09,맘스터치,10000,식비,토스공유카드1,변동비
2025-02-10,배달의민족,20800,식비,삼성카드,변동비
2025-02-10,SK주유소,14200,교통,토스공유카드1,변동비
2025-02-10,시내버스,4400,교통,신한체크카드,변동비
2025-02-11,BBQ 치킨,19800,식비,토스공유카드1,변동비
2025-02-11,지하철,4900,교통,토스공유카드1,변동비
2025-02-11,카카오 택시,2500,교통,토스공유카드1,변동비
2025-02-12,김밥천국,8800,식비,토스공유카드1,변동비
2025-02-12,시내버스,7800,교통,신한체크카드,변동비
2025-02-13,스타벅스,14700,식비,토스공유카드2,변동비
2025-02-13,스타벅스,1400,식비,토스공유카드1,변동비
2025-02-14,BBQ 치킨,5100,식비,삼성카드,변동비
2025-02-15,스타벅스,22300,식비,삼성카드,변동비
2025-02-16,스타벅스,21000,식비,삼성카드,변동비
2025-02-16,카카오 택시,8400,교통,지역화폐,변동비
2025-02-16,고속버스,5800,교통,토스공유카드1,변동비
2025-02-17,김밥천국,11800,식비,롯데카드,변동비
2025-02-17,배달의민족,5300,식비,토스공유카드1,변동비
2025-02-17,배달의민족,9400,식비,롯데카드,변동비
2025-02-18,버거킹,4300,식비,롯데카드,변동비
2025-02-18,버거킹,9900,식비,삼성카드,변동비
2025-02-19,맘스터치,9300,식비,토스공유카드1,변동비
2025-02-19,코스트코,105400,마트,토스공유카드1,변동비
2025-02-20,CU 편의점,24600,식비,토스공유카드1,변동비
2025-02-20,코스트코,44300,마트,삼성카드,변동비
2025-02-21,스타벅스,11100,식비,롯데카드,변동비
2025-02-22,고속버스,3800,교통,신한체크카드,변동비
2025-02-23,버거킹,5200,식비,토스공유카드1,변동비
2025-02-23,김밥천국,10600,식비,롯데카드,변동비
2025-02-23,시내버스,2200,교통,지역화폐,변동비
2025-02-24,BBQ 치킨,17900,식비,토스공유카드2,변동비
2025-02-24,BBQ 치킨,16500,식비,삼성카드,변동비
2025-02-24,카카오 택시,11400,교통,토스공유카드1,변동비
2025-02-24,카카오 택시,5900,교통,신한체크카드,변동비
2025-02-25,배달의민족,16100,식비,토스공유카드2,변동비
2025-02-25,고속버스,8800,교통,토스공유카드1,변동비
2025-02-26,이마트,41400,마트,삼성카드,변동비
2025-02-26,SK주유소,13100,교통,지역화폐,변동비
2025-02-27,스타벅스,19800,식비,토스공유카드1,변동비
2025-02-27,김밥천국,11900,식비,토스공유카드2,변동비
2025-02-27,고속버스,7200,교통,토스공유카드1,변동비
2025-02-28,고속버스,5700,교통,토스공유카드1,변동비
2025-03-01,한전 전기요금,61000,전기요금,신한체크카드,고정비
2025-03-01,도시가스 요금,63900,가스요금,지역화폐,고정비
2025-03-01,버거킹,16400,식비,토스공유카드2,변동비
2025-03-01,SK주유소,5800,교통,토스공유카드1,변동비
2025-03-02,SKT 휴대폰,100400,통신비,삼성카드,고정비
2025-03-02,스타벅스,8500,식비,토스공유카드2,변동비
2025-03-02,카카오 택시,8400,교통,토스공유카드1,변동비
2025-03-03,주택담보대출 이자,448500,대출이자,신한체크카드,고정비
2025-03-03,이마트,90100,마트,토스공유카드1,변동비
2025-03-03,지하철,14500,교통,지역화폐,변동비
2025-03-03,SK주유소,13400,교통,토스공유카드1,변동비
2025-03-04,투썸플레이스,1600,식비,삼성카드,변동비
2025-03-04,BBQ 치킨,4100,식비,토스공유카드2,변동비
2025-03-04,지하철,7700,교통,토스공유카드1,변동비
2025-03-05,아파트 관리비,265400,관리비,신한체크카드,고정비
2025-03-05,상하수도 요금,27500,공과금,신한체크카드,고정비
2025-03-05,교보문고,27000,문화/여가,롯데카드,변동비
2025-03-05,올리브영,5000,의류/미용,롯데카드,변동비
2025-03-05,김밥천국,11700,식비,토스공유카드1,변동비
2025-03-05,이마트,38800,마트,토스공유카드1,변동비
2025-03-05,고속버스,1900,교통,지역화폐,변동비
2025-03-06,버거킹,14200,식비,토스공유카드2,변동비
2025-03-06,맘스터치,3500,식비,삼성카드,변동비
2025-03-06,지하철,7200,교통,토스공유카드1,변동비
2025-03-06,고속버스,9000,교통,지역화폐,변동비
2025-03-07,배달의민족,7200,식비,토스공유카드2,변동비
2025-03-07,BBQ 치킨,5100,식비,토스공유카드1,변동비
2025-03-07,투썸플레이스,12400,식비,토스공유카드1,변동비
2025-03-08,고속버스,7600,교통,토스공유카드1,변동비
2025-03-09,배달의민족,22800,식비,토스공유카드1,변동비
2025-03-12,노브랜드,55500,마트,삼성카드,변동비
2025-03-12,부모님 생신 선물,113100,경조사,삼성카드,변동비
2025-03-13,BBQ 치킨,2800,식비,삼성카드,변동비
2025-03-13,배달의민족,11400,식비,삼성카드,변동비
2025-03-13,SK주유소,9400,교통,신한체크카드,변동비
2025-03-13,시내버스,4600,교통,지역화폐,변동비
2025-03-14,CU 편의점,3500,식비,롯데카드,변동비
2025-03-15,투썸플레이스,5100,식비,삼성카드,변동비
2025-03-15,시내버스,8700,교통,토스공유카드1,변동비
2025-03-16,배달의민족,10000,식비,토스공유카드2,변동비
2025-03-16,CU 편의점,25100,식비,롯데카드,변동비
2025-03-16,노브랜드,17400,마트,삼성카드,변동비
2025-03-16,카카오 택시,500,교통,신한체크카드,변동비
2025-03-16,가족 여행 숙박,476800,문화/여가,신한체크카드,변동비
2025-03-17,맘스터치,12700,식비,토스공유카드2,변동비
2025-03-17,고속버스,13300,교통,지역화폐,변동비
2025-03-18,스타벅스,12600,식비,롯데카드,변동비
2025-03-18,경동시장,23300,전통시장,지역화폐,변동비
2025-03-18,카카오 택시,8600,교통,지역화폐,변동비
2025-03-19,망원시장,30000,전통시장,지역화폐,변동비
2025-03-19,지하철,12700,교통,신한체크카드,변동비
2025-03-20,스타벅스,17900,식비,롯데카드,변동비
2025-03-20,스타벅스,12800,식비,롯데카드,변동비
2025-03-21,CU 편의점,20800,식비,토스공유카드1,변동비
2025-03-21,이마트,56500,마트,삼성카드,변동비
2025-03-22,버거킹,15500,식비,삼성카드,변동비
2025-03-22,BBQ 치킨,30700,식비,삼성카드,변동비
2025-03-22,투썸플레이스,21200,식비,삼성카드,변동비
2025-03-22,SK주유소,9100,교통,신한체크카드,변동비
2025-03-23,맘스터치,22900,식비,롯데카드,변동비
2025-03-23,맘스터치,23200,식비,토스공유카드2,변동비
2025-03-23,롯데마트,75300,마트,롯데카드,변동비
2025-03-25,배달의민족,500,식비,토스공유카드2,변동비
2025-03-25,지하철,7100,교통,토스공유카드1,변동비
2025-03-26,투썸플레이스,25400,식비,토스공유카드2,변동비
2025-03-26,노브랜드,44900,마트,삼성카드,변동비
2025-03-27,카카오 택시,11900,교통,신한체크카드,변동비
2025-03-28,스타벅스,16800,식비,롯데카드,변동비
2025-03-28,투썸플레이스,9900,식비,토스공유카드2,변동비
2025-03-28,지하철,5100,교통,토스공유카드1,변동비
2025-03-29,김밥천국,15900,식비,삼성카드,변동비
2025-03-29,광장시장,27000,전통시장,토스공유카드2,변동비
2025-03-29,SK주유소,8700,교통,신한체크카드,변동비
2025-03-30,경동시장,21600,전통시장,지역화폐,변동비
2025-03-30,고속버스,2200,교통,토스공유카드1,변동비
2025-03-30,시내버스,9600,교통,토스공유카드1,변동비
2025-03-31,맘스터치,16800,식비,롯데카드,변동비
2025-04-01,도시가스 요금,65800,가스요금,신한체크카드,고정비
2025-04-01,유튜브 프리미엄,36600,문화/여가,롯데카드,변동비
2025-04-01,망원시장,36000,전통시장,토스공유카드2,변동비
2025-04-01,SK주유소,5200,교통,토스공유카드1,변동비
2025-04-02,아파트 관리비,262500,관리비,지역화폐,고정비
2025-04-02,코스트코,32500,마트,롯데카드,변동비
2025-04-03,한전 전기요금,60300,전기요금,지역화폐,고정비
2025-04-03,온라인 강의,195200,교육,삼성카드,변동비
2025-04-03,BBQ 치킨,12000,식비,롯데카드,변동비
2025-04-04,상하수도 요금,26300,공과금,지역화폐,고정비
2025-04-04,지하철,2200,교통,토스공유카드1,변동비
2025-04-04,학기 등록금 분할,778300,교육,신한체크카드,변동비
2025-04-05,KT 인터넷+TV,101200,통신비,삼성카드,고정비
2025-04-05,주택담보대출 이자,397500,대출이자,신한체크카드,고정비
2025-04-05,조의금,105700,경조사,롯데카드,변동비
2025-04-05,BBQ 치킨,3500,식비,삼성카드,변동비
2025-04-05,SK주유소,5600,교통,지역화폐,변동비
2025-04-07,BBQ 치킨,13100,식비,롯데카드,변동비
2025-04-07,맘스터치,12000,식비,삼성카드,변동비
2025-04-07,이마트,1200,마트,삼성카드,변동비
2025-04-08,BBQ 치킨,7800,식비,삼성카드,변동비
2025-04-09,시내버스,6000,교통,신한체크카드,변동비
2025-04-10,맘스터치,5100,식비,토스공유카드2,변동비
2025-04-10,스타벅스,14500,식비,삼성카드,변동비
2025-04-10,시내버스,5500,교통,신한체크카드,변동비
2025-04-11,김밥천국,14200,식비,토스공유카드1,변동비
2025-04-11,스타벅스,21900,식비,토스공유카드1,변동비
2025-04-11,스타벅스,14800,식비,롯데카드,변동비
2025-04-12,버거킹,3200,식비,삼성카드,변동비
2025-04-13,BBQ 치킨,5500,식비,삼성카드,변동비
2025-04-14,김밥천국,13100,식비,삼성카드,변동비
2025-04-14,스타벅스,20500,식비,롯데카드,변동비
2025-04-14,중앙시장,20800,전통시장,토스공유카드2,변동비
2025-04-14,SK주유소,3300,교통,토스공유카드1,변동비
2025-04-15,BBQ 치킨,10100,식비,롯데카드,변동비
2025-04-15,투썸플레이스,13100,식비,삼성카드,변동비
2025-04-15,코스트코,64400,마트,롯데카드,변동비
2025-04-16,배달의민족,38900,식비,토스공유카드2,변동비
2025-04-16,BBQ 치킨,14900,식비,토스공유카드2,변동비
2025-04-16,지하철,500,교통,토스공유카드1,변동비
2025-04-18,버거킹,9900,식비,삼성카드,변동비
2025-04-18,광장시장,9000,전통시장,지역화폐,변동비
2025-04-18,카카오 택시,9500,교통,신한체크카드,변동비
2025-04-19,배달의민족,10800,식비,토스공유카드1,변동비
2025-04-19,고속버스,7300,교통,신한체크카드,변동비
2025-04-20,맘스터치,8400,식비,토스공유카드2,변동비
2025-04-20,시내버스,8100,교통,신한체크카드,변동비
2025-04-20,카카오 택시,1200,교통,신한체크카드,변동비
2025-04-21,투썸플레이스,12600,식비,토스공유카드1,변동비
2025-04-21,SK주유소,9400,교통,토스공유카드1,변동비
2025-04-21,고속버스,5900,교통,신한체크카드,변동비
2025-04-22,CU 편의점,5200,식비,롯데카드,변동비
2025-04-23,스타벅스,8800,식비,롯데카드,변동비
2025-04-23,이마트,118800,마트,토스공유카드1,변동비
2025-04-24,배달의민족,8000,식비,삼성카드,변동비
2025-04-24,지하철,18200,교통,신한체크카드,변동비
2025-04-25,배달의민족,16500,식비,토스공유카드1,변동비
2025-04-25,카카오 택시,5900,교통,신한체크카드,변동비
2025-04-26,BBQ 치킨,4300,식비,토스공유카드1,변동비
2025-04-26,코스트코,66400,마트,롯데카드,변동비
2025-04-26,지하철,10000,교통,지역화폐,변동비
2025-04-26,고속버스,10600,교통,지역화폐,변동비
2025-04-27,버거킹,14800,식비,삼성카드,변동비
2025-04-27,스타벅스,17000,식비,삼성카드,변동비
2025-04-27,코스트코,33900,마트,삼성카드,변동비
2025-04-27,지하철,6100,교통,토스공유카드1,변동비
2025-04-28,CU 편의점,17600,식비,삼성카드,변동비
2025-04-29,스타벅스,19100,식비,토스공유카드2,변동비
2025-04-29,CU 편의점,23300,식비,토스공유카드1,변동비
2025-04-29,버거킹,28400,식비,토스공유카드2,변동비
2025-04-29,고속버스,4400,교통,토스공유카드1,변동비
2025-04-30,BBQ 치킨,2100,식비,토스공유카드1,변동비
2025-04-30,맘스터치,11300,식비,삼성카드,변동비
2025-04-30,맘스터치,500,식비,토스공유카드1,변동비
2025-04-30,노브랜드,72700,마트,롯데카드,변동비
2025-04-30,시내버스,4300,교통,토스공유카드1,변동비
2025-05-01,한전 전기요금,79400,전기요금,지역화폐,고정비
2025-05-01,BBQ 치킨,12300,식비,삼성카드,변동비
2025-05-01,이마트,70000,마트,토스공유카드1,변동비
2025-05-01,카카오 택시,10800,교통,신한체크카드,변동비
2025-05-02,김밥천국,24700,식비,토스공유카드2,변동비
2025-05-02,광장시장,25000,전통시장,토스공유카드2,변동비
2025-05-02,카카오 택시,4800,교통,토스공유카드1,변동비
2025-05-03,아파트 관리비,284600,관리비,신한체크카드,고정비
2025-05-03,상하수도 요금,16800,공과금,지역화폐,고정비
2025-05-03,약국,55500,의료,신한체크카드,변동비
2025-05-03,CU 편의점,7300,식비,롯데카드,변동비
2025-05-03,버거킹,14300,식비,토스공유카드1,변동비
2025-05-03,지하철,9200,교통,신한체크카드,변동비
2025-05-04,SKT 휴대폰,89800,통신비,삼성카드,고정비
2025-05-04,주택담보대출 이자,464300,대출이자,신한체크카드,고정비
2025-05-04,관리실 주차비,44300,주거,신한체크카드,고정비
2025-05-04,자격증 수강료,168900,교육,삼성카드,변동비
2025-05-04,CU 편의점,18500,식비,롯데카드,변동비
2025-05-05,도시가스 요금,87800,가스요금,지역화폐,고정비
2025-05-05,교보문고,25000,문화/여가,삼성카드,변동비
2025-05-05,유니클로,58500,의류/미용,롯데카드,변동비
2025-05-05,카카오 택시,9000,교통,신한체크카드,변동비
2025-05-05,카카오 택시,12300,교통,지역화폐,변동비
2025-05-06,카카오 택시,11000,교통,지역화폐,변동비
2025-05-07,홈플러스,79800,마트,토스공유카드1,변동비
2025-05-07,고속버스,1800,교통,토스공유카드1,변동비
2025-05-07,고속버스,5900,교통,신한체크카드,변동비
2025-05-08,맘스터치,1000,식비,롯데카드,변동비
2025-05-08,카카오 택시,7200,교통,신한체크카드,변동비
2025-05-09,CU 편의점,9400,식비,삼성카드,변동비
2025-05-09,버거킹,25600,식비,삼성카드,변동비
2025-05-09,홈플러스,66200,마트,토스공유카드1,변동비
2025-05-10,이마트,96100,마트,삼성카드,변동비
2025-05-10,경동시장,30100,전통시장,지역화폐,변동비
2025-05-10,고속버스,4200,교통,신한체크카드,변동비
2025-05-11,경동시장,15800,전통시장,지역화폐,변동비
2025-05-11,시내버스,5700,교통,토스공유카드1,변동비
2025-05-11,카카오 택시,6600,교통,지역화폐,변동비
2025-05-12,카카오 택시,3300,교통,토스공유카드1,변동비
2025-05-12,고속버스,14300,교통,지역화폐,변동비
2025-05-13,맘스터치,20500,식비,롯데카드,변동비
2025-05-13,시내버스,11100,교통,토스공유카드1,변동비
2025-05-13,지하철,9800,교통,지역화폐,변동비
2025-05-14,BBQ 치킨,12500,식비,토스공유카드1,변동비
2025-05-14,스타벅스,500,식비,삼성카드,변동비
2025-05-14,CU 편의점,19500,식비,토스공유카드2,변동비
2025-05-14,카카오 택시,9400,교통,지역화폐,변동비
2025-05-15,CU 편의점,15400,식비,토스공유카드1,변동비
2025-05-15,광장시장,12200,전통시장,토스공유카드2,변동비
2025-05-15,카카오 택시,8200,교통,토스공유카드1,변동비
2025-05-16,BBQ 치킨,14100,식비,토스공유카드2,변동비
2025-05-16,김밥천국,20100,식비,롯데카드,변동비
2025-05-16,BBQ 치킨,19200,식비,롯데카드,변동비
2025-05-17,맘스터치,10500,식비,롯데카드,변동비
2025-05-17,롯데마트,34700,마트,토스공유카드1,변동비
2025-05-17,지하철,500,교통,신한체크카드,변동비
2025-05-17,시내버스,5200,교통,신한체크카드,변동비
2025-05-19,버거킹,21000,식비,토스공유카드2,변동비
2025-05-19,CU 편의점,3600,식비,토스공유카드2,변동비
2025-05-20,맘스터치,14400,식비,토스공유카드1,변동비
2025-05-20,지하철,9100,교통,지역화폐,변동비
2025-05-20,SK주유소,8800,교통,토스공유카드1,변동비
2025-05-21,노브랜드,51800,마트,토스공유카드1,변동비
2025-05-21,고속버스,5900,교통,신한체크카드,변동비
2025-05-22,김밥천국,10800,식비,토스공유카드1,변동비
2025-05-22,CU 편의점,20900,식비,롯데카드,변동비
2025-05-22,중앙시장,25700,전통시장,토스공유카드2,변동비
2025-05-23,BBQ 치킨,10600,식비,롯데카드,변동비
2025-05-23,노브랜드,34600,마트,토스공유카드1,변동비
2025-05-23,카카오 택시,2100,교통,토스공유카드1,변동비
2025-05-24,맘스터치,5600,식비,토스공유카드2,변동비
2025-05-24,SK주유소,6100,교통,신한체크카드,변동비
2025-05-25,투썸플레이스,8200,식비,토스공유카드1,변동비
2025-05-25,경동시장,15700,전통시장,지역화폐,변동비
2025-05-25,카카오 택시,9900,교통,토스공유카드1,변동비
2025-05-25,카카오 택시,3100,교통,신한체크카드,변동비
2025-05-26,시내버스,8100,교통,토스공유카드1,변동비
2025-05-28,CU 편의점,23100,식비,롯데카드,변동비
2025-05-28,SK주유소,7400,교통,토스공유카드1,변동비
2025-05-31,CU 편의점,23700,식비,삼성카드,변동비
2025-05-31,SK주유소,900,교통,지역화폐,변동비
2025-06-01,BBQ 치킨,15700,식비,토스공유카드1,변동비
2025-06-01,SK주유소,13900,교통,지역화폐,변동비
2025-06-02,CU 편의점,8500,식비,토스공유카드2,변동비
2025-06-02,홈플러스,57000,마트,삼성카드,변동비
2025-06-02,지하철,1200,교통,토스공유카드1,변동비
2025-06-02,시내버스,9800,교통,신한체크카드,변동비
2025-06-03,한전 전기요금,86800,전기요금,지역화폐,고정비
2025-06-03,상하수도 요금,25500,공과금,신한체크카드,고정비
2025-06-03,주택담보대출 이자,406900,대출이자,신한체크카드,고정비
2025-06-03,버거킹,8500,식비,삼성카드,변동비
2025-06-03,투썸플레이스,13300,식비,롯데카드,변동비
2025-06-03,고속버스,10300,교통,신한체크카드,변동비
2025-06-04,배달의민족,14700,식비,롯데카드,변동비
2025-06-04,시내버스,11000,교통,토스공유카드1,변동비
2025-06-05,아파트 관리비,219300,관리비,신한체크카드,고정비
2025-06-05,도시가스 요금,13900,가스요금,신한체크카드,고정비
2025-06-05,LG U+ 휴대폰,88200,통신비,신한체크카드,고정비
2025-06-05,BBQ 치킨,13500,식비,롯데카드,변동비
2025-06-05,CU 편의점,10700,식비,토스공유카드1,변동비
2025-06-05,카카오 택시,4100,교통,신한체크카드,변동비
2025-06-06,스타벅스,500,식비,삼성카드,변동비
2025-06-06,맘스터치,5600,식비,롯데카드,변동비
2025-06-06,버거킹,9400,식비,토스공유카드2,변동비
2025-06-07,CU 편의점,18700,식비,삼성카드,변동비
2025-06-07,투썸플레이스,3100,식비,삼성카드,변동비
2025-06-07,홈플러스,62500,마트,삼성카드,변동비
2025-06-07,SK주유소,11100,교통,토스공유카드1,변동비
2025-06-08,맘스터치,10000,식비,삼성카드,변동비
2025-06-08,카카오 택시,11800,교통,신한체크카드,변동비
2025-06-08,카카오 택시,8400,교통,토스공유카드1,변동비
2025-06-10,김밥천국,11700,식비,토스공유카드1,변동비
2025-06-10,투썸플레이스,6600,식비,토스공유카드1,변동비
2025-06-10,맘스터치,29400,식비,삼성카드,변동비
2025-06-10,SK주유소,16000,교통,신한체크카드,변동비
2025-06-10,지하철,4100,교통,지역화폐,변동비
2025-06-11,스타벅스,21500,식비,토스공유카드2,변동비
2025-06-11,가족 여행 숙박,555000,문화/여가,삼성카드,변동비
2025-06-12,BBQ 치킨,8000,식비,토스공유카드2,변동비
2025-06-12,투썸플레이스,18600,식비,토스공유카드2,변동비
2025-06-12,카카오 택시,6400,교통,토스공유카드1,변동비
2025-06-12,지하철,4800,교통,토스공유카드1,변동비
2025-06-13,BBQ 치킨,20600,식비,롯데카드,변동비
2025-06-13,배달의민족,10200,식비,토스공유카드2,변동비
2025-06-13,카카오 택시,6000,교통,신한체크카드,변동비
2025-06-14,맘스터치,17600,식비,삼성카드,변동비
2025-06-14,카카오 택시,12000,교통,신한체크카드,변동비
2025-06-14,부모님 생신 선물,149800,경조사,신한체크카드,변동비
2025-06-15,스타벅스,12300,식비,토스공유카드1,변동비
2025-06-15,시내버스,14100,교통,신한체크카드,변동비
2025-06-16,김밥천국,14500,식비,삼성카드,변동비
2025-06-16,맘스터치,13200,식비,토스공유카드2,변동비
2025-06-17,투썸플레이스,9800,식비,토스공유카드1,변동비
2025-06-17,노브랜드,49600,마트,롯데카드,변동비
2025-06-17,중앙시장,25400,전통시장,토스공유카드2,변동비
2025-06-18,김밥천국,500,식비,토스공유카드1,변동비
2025-06-18,버거킹,12800,식비,토스공유카드2,변동비
2025-06-18,카카오 택시,4100,교통,토스공유카드1,변동비
2025-06-18,시내버스,4400,교통,지역화폐,변동비
2025-06-19,시내버스,10000,교통,신한체크카드,변동비
2025-06-20,BBQ 치킨,19800,식비,토스공유카드1,변동비
2025-06-21,투썸플레이스,17000,식비,토스공유카드1,변동비
2025-06-21,노브랜드,79000,마트,롯데카드,변동비
2025-06-21,고속버스,9300,교통,토스공유카드1,변동비
2025-06-22,배달의민족,21300,식비,토스공유카드2,변동비
2025-06-22,버거킹,13300,식비,토스공유카드2,변동비
2025-06-22,CU 편의점,23000,식비,롯데카드,변동비
2025-06-22,카카오 택시,14200,교통,신한체크카드,변동비
2025-06-24,홈플러스,500,마트,삼성카드,변동비
2025-06-24,카카오 택시,8100,교통,신한체크카드,변동비
2025-06-24,고속버스,12400,교통,토스공유카드1,변동비
2025-06-25,스타벅스,500,식비,토스공유카드1,변동비
2025-06-25,고속버스,11500,교통,신한체크카드,변동비
2025-06-25,지하철,3300,교통,지역화폐,변동비
2025-06-26,광장시장,27800,전통시장,지역화폐,변동비
2025-06-26,SK주유소,11800,교통,지역화폐,변동비
2025-06-26,SK주유소,4100,교통,신한체크카드,변동비
2025-06-27,맘스터치,21600,식비,삼성카드,변동비
2025-06-27,이마트,63900,마트,롯데카드,변동비
2025-06-27,고속버스,11100,교통,토스공유카드1,변동비
2025-06-27,고속버스,11300,교통,지역화폐,변동비
2025-06-28,스타벅스,37000,식비,토스공유카드2,변동비
2025-06-28,지하철,8700,교통,토스공유카드1,변동비
2025-06-29,맘스터치,12000,식비,토스공유카드2,변동비
2025-06-29,CU 편의점,500,식비,토스공유카드1,변동비
2025-06-29,스타벅스,3800,식비,롯데카드,변동비
2025-06-29,롯데마트,500,마트,토스공유카드1,변동비
2025-06-30,고속버스,10800,교통,지역화폐,변동비
2025-06-30,시내버스,12700,교통,신한체크카드,변동비
2025-07-01,아파트 관리비,232800,관리비,신한체크카드,고정비
2025-07-01,주택담보대출 이자,396900,대출이자,신한체크카드,고정비
2025-07-02,도시가스 요금,120000,가스요금,신한체크카드,고정비
2025-07-02,스타벅스,20800,식비,롯데카드,변동비
2025-07-02,버거킹,9400,식비,토스공유카드2,변동비
2025-07-02,시내버스,14000,교통,신한체크카드,변동비
2025-07-03,한전 전기요금,77700,전기요금,신한체크카드,고정비
2025-07-03,LG U+ 휴대폰,95200,통신비,신한체크카드,고정비
2025-07-03,투썸플레이스,11900,식비,토스공유카드1,변동비
2025-07-03,배달의민족,500,식비,롯데카드,변동비
2025-07-03,고속버스,5200,교통,신한체크카드,변동비
2025-07-04,상하수도 요금,17700,공과금,지역화폐,고정비
2025-07-04,맘스터치,13100,식비,토스공유카드2,변동비
2025-07-04,홈플러스,53500,마트,삼성카드,변동비
2025-07-04,중앙시장,28000,전통시장,토스공유카드2,변동비
2025-07-04,SK주유소,5600,교통,토스공유카드1,변동비
2025-07-05,관리실 주차비,39500,주거,신한체크카드,고정비
2025-07-05,CU 편의점,26900,식비,삼성카드,변동비
2025-07-05,김밥천국,10100,식비,삼성카드,변동비
2025-07-05,노브랜드,55800,마트,삼성카드,변동비
2025-07-06,롯데마트,95300,마트,삼성카드,변동비
2025-07-06,고속버스,7500,교통,토스공유카드1,변동비
2025-07-06,카카오 택시,4600,교통,토스공유카드1,변동비
2025-07-07,투썸플레이스,14000,식비,삼성카드,변동비
2025-07-07,배달의민족,10200,식비,삼성카드,변동비
2025-07-07,이마트,52600,마트,롯데카드,변동비
2025-07-07,시내버스,5600,교통,신한체크카드,변동비
2025-07-08,김밥천국,23300,식비,삼성카드,변동비
2025-07-08,BBQ 치킨,19200,식비,토스공유카드2,변동비
2025-07-08,홈플러스,91500,마트,삼성카드,변동비
2025-07-08,SK주유소,4200,교통,토스공유카드1,변동비
2025-07-09,버거킹,1000,식비,롯데카드,변동비
2025-07-09,SK주유소,4800,교통,신한체크카드,변동비
2025-07-09,SK주유소,7600,교통,토스공유카드1,변동비
2025-07-10,배달의민족,3600,식비,토스공유카드2,변동비
2025-07-10,투썸플레이스,3700,식비,토스공유카드2,변동비
2025-07-10,김밥천국,13800,식비,롯데카드,변동비
2025-07-11,SK주유소,3900,교통,신한체크카드,변동비
2025-07-12,배달의민족,6000,식비,삼성카드,변동비
2025-07-12,버거킹,11800,식비,토스공유카드2,변동비
2025-07-12,카카오 택시,3500,교통,토스공유카드1,변동비
2025-07-12,SK주유소,10300,교통,토스공유카드1,변동비
2025-07-13,투썸플레이스,17300,식비,토스공유카드1,변동비
2025-07-13,고속버스,9600,교통,지역화폐,변동비
2025-07-13,SK주유소,13900,교통,지역화폐,변동비
2025-07-14,스타벅스,10500,식비,토스공유카드2,변동비
2025-07-15,배달의민족,11000,식비,토스공유카드1,변동비
2025-07-16,배달의민족,15200,식비,롯데카드,변동비
2025-07-16,김밥천국,7000,식비,롯데카드,변동비
2025-07-16,카카오 택시,8800,교통,토스공유카드1,변동비
2025-07-16,카카오 택시,1200,교통,지역화폐,변동비
2025-07-17,맘스터치,8700,식비,토스공유카드2,변동비
2025-07-17,BBQ 치킨,500,식비,롯데카드,변동비
2025-07-17,지하철,8500,교통,지역화폐,변동비
2025-07-18,맘스터치,11200,식비,삼성카드,변동비
2025-07-19,BBQ 치킨,12600,식비,토스공유카드1,변동비
2025-07-19,SK주유소,6200,교통,신한체크카드,변동비
2025-07-19,지하철,8200,교통,신한체크카드,변동비
2025-07-20,스타벅스,25700,식비,롯데카드,변동비
2025-07-20,시내버스,11900,교통,신한체크카드,변동비
2025-07-21,스타벅스,22500,식비,토스공유카드2,변동비
2025-07-21,투썸플레이스,26000,식비,토스공유카드1,변동비
2025-07-21,고속버스,3800,교통,지역화폐,변동비
2025-07-23,고속버스,13300,교통,토스공유카드1,변동비
2025-07-24,버거킹,16500,식비,토스공유카드2,변동비
2025-07-24,투썸플레이스,21200,식비,토스공유카드1,변동비
2025-07-25,스타벅스,5800,식비,토스공유카드2,변동비
2025-07-25,BBQ 치킨,3900,식비,토스공유카드2,변동비
2025-07-25,SK주유소,1400,교통,지역화폐,변동비
2025-07-26,맘스터치,19100,식비,삼성카드,변동비
2025-07-26,버거킹,14500,식비,삼성카드,변동비
2025-07-26,노브랜드,49300,마트,토스공유카드1,변동비
2025-07-27,버거킹,18900,식비,삼성카드,변동비
2025-07-27,버거킹,10000,식비,롯데카드,변동비
2025-07-28,맘스터치,500,식비,롯데카드,변동비
2025-07-28,고속버스,7600,교통,지역화폐,변동비
2025-07-29,김밥천국,5300,식비,토스공유카드1,변동비
2025-07-29,버거킹,10400,식비,삼성카드,변동비
2025-07-30,김밥천국,25000,식비,토스공유카드1,변동비
2025-07-30,SK주유소,9200,교통,지역화폐,변동비
2025-07-31,BBQ 치킨,14200,식비,롯데카드,변동비
2025-07-31,고속버스,9500,교통,토스공유카드1,변동비
2025-08-01,LG U+ 휴대폰,102100,통신비,신한체크카드,고정비
2025-08-01,조의금,45800,경조사,삼성카드,변동비
2025-08-01,투썸플레이스,13700,식비,토스공유카드2,변동비
2025-08-01,스타벅스,13600,식비,토스공유카드2,변동비
2025-08-01,BBQ 치킨,4700,식비,토스공유카드2,변동비
2025-08-01,코스트코,87600,마트,토스공유카드1,변동비
2025-08-02,배달의민족,18200,식비,토스공유카드2,변동비
2025-08-02,지하철,1600,교통,토스공유카드1,변동비
2025-08-02,카카오 택시,4900,교통,토스공유카드1,변동비
2025-08-03,주택담보대출 이자,410100,대출이자,신한체크카드,고정비
2025-08-03,맘스터치,16400,식비,롯데카드,변동비
2025-08-03,김밥천국,22100,식비,토스공유카드2,변동비
2025-08-03,망원시장,29800,전통시장,지역화폐,변동비
2025-08-04,아파트 관리비,220100,관리비,신한체크카드,고정비
2025-08-04,한전 전기요금,83000,전기요금,신한체크카드,고정비
2025-08-04,상하수도 요금,30300,공과금,지역화폐,고정비
2025-08-04,연세의원,33600,의료,삼성카드,변동비
2025-08-04,올리브영,60900,의류/미용,롯데카드,변동비
2025-08-04,BBQ 치킨,11700,식비,롯데카드,변동비
2025-08-04,CU 편의점,11300,식비,롯데카드,변동비
2025-08-05,도시가스 요금,74400,가스요금,지역화폐,고정비
2025-08-05,교보문고,34200,문화/여가,삼성카드,변동비
2025-08-05,투썸플레이스,14200,식비,토스공유카드1,변동비
2025-08-05,이마트,38200,마트,롯데카드,변동비
2025-08-06,투썸플레이스,11500,식비,삼성카드,변동비
2025-08-06,코스트코,74500,마트,삼성카드,변동비
2025-08-07,CU 편의점,23100,식비,토스공유카드1,변동비
2025-08-08,김밥천국,1300,식비,토스공유카드2,변동비
2025-08-09,맘스터치,13500,식비,토스공유카드2,변동비
2025-08-09,홈플러스,62200,마트,토스공유카드1,변동비
2025-08-09,시내버스,7600,교통,토스공유카드1,변동비
2025-08-10,스타벅스,10600,식비,롯데카드,변동비
2025-08-10,김밥천국,19700,식비,삼성카드,변동비
2025-08-10,고속버스,17800,교통,토스공유카드1,변동비
2025-08-11,배달의민족,7800,식비,토스공유카드2,변동비
2025-08-11,시내버스,17300,교통,신한체크카드,변동비
2025-08-12,버거킹,13100,식비,토스공유카드2,변동비
2025-08-13,버거킹,24000,식비,롯데카드,변동비
2025-08-13,버거킹,16200,식비,롯데카드,변동비
2025-08-14,버거킹,16500,식비,토스공유카드1,변동비
2025-08-14,SK주유소,6100,교통,신한체크카드,변동비
2025-08-15,CU 편의점,8800,식비,토스공유카드1,변동비
2025-08-15,홈플러스,81300,마트,토스공유카드1,변동비
2025-08-15,지하철,12900,교통,신한체크카드,변동비
2025-08-16,BBQ 치킨,6900,식비,토스공유카드2,변동비
2025-08-16,지하철,500,교통,토스공유카드1,변동비
2025-08-17,맘스터치,9400,식비,토스공유카드1,변동비
2025-08-17,SK주유소,11000,교통,토스공유카드1,변동비
2025-08-18,맘스터치,23700,식비,토스공유카드2,변동비
2025-08-18,CU 편의점,20000,식비,삼성카드,변동비
2025-08-18,배달의민족,10000,식비,토스공유카드1,변동비
2025-08-19,버거킹,14800,식비,토스공유카드2,변동비
2025-08-19,CU 편의점,8400,식비,롯데카드,변동비
2025-08-19,시내버스,19500,교통,토스공유카드1,변동비
2025-08-20,버거킹,13900,식비,토스공유카드2,변동비
2025-08-20,홈플러스,40700,마트,토스공유카드1,변동비
2025-08-21,맘스터치,5400,식비,삼성카드,변동비
2025-08-22,버거킹,16800,식비,토스공유카드1,변동비
2025-08-23,배달의민족,22800,식비,토스공유카드1,변동비
2025-08-24,BBQ 치킨,4600,식비,롯데카드,변동비
2025-08-24,김밥천국,13200,식비,롯데카드,변동비
2025-08-24,지하철,5200,교통,토스공유카드1,변동비
2025-08-25,김밥천국,17000,식비,토스공유카드2,변동비
2025-08-25,맘스터치,17000,식비,토스공유카드1,변동비
2025-08-26,배달의민족,10700,식비,토스공유카드1,변동비
2025-08-26,카카오 택시,11700,교통,토스공유카드1,변동비
2025-08-27,맘스터치,1700,식비,토스공유카드2,변동비
2025-08-27,맘스터치,6500,식비,롯데카드,변동비
2025-08-27,지하철,4300,교통,지역화폐,변동비
2025-08-28,중앙시장,35800,전통시장,지역화폐,변동비
2025-08-29,맘스터치,17200,식비,토스공유카드2,변동비
2025-08-29,지하철,3700,교통,신한체크카드,변동비
2025-08-30,맘스터치,15300,식비,토스공유카드1,변동비
2025-08-30,배달의민족,7000,식비,삼성카드,변동비
2025-08-30,이마트,64300,마트,토스공유카드1,변동비
2025-08-30,시내버스,9700,교통,토스공유카드1,변동비
2025-08-31,투썸플레이스,10900,식비,토스공유카드2,변동비
2025-09-01,아파트 관리비,251900,관리비,신한체크카드,고정비
2025-09-01,무신사,55400,의류/미용,롯데카드,변동비
2025-09-01,CU 편의점,15400,식비,토스공유카드2,변동비
2025-09-01,지하철,4400,교통,신한체크카드,변동비
2025-09-02,상하수도 요금,22900,공과금,지역화폐,고정비
2025-09-02,코스트코,25100,마트,삼성카드,변동비
2025-09-02,경동시장,27200,전통시장,지역화폐,변동비
2025-09-03,교보문고,16200,문화/여가,롯데카드,변동비
2025-09-03,버거킹,11800,식비,삼성카드,변동비
2025-09-03,이마트,35700,마트,롯데카드,변동비
2025-09-03,지하철,9100,교통,토스공유카드1,변동비
2025-09-03,지하철,6100,교통,신한체크카드,변동비
2025-09-04,주택담보대출 이자,409600,대출이자,신한체크카드,고정비
2025-09-04,버거킹,6500,식비,토스공유카드1,변동비
2025-09-04,스타벅스,14800,식비,토스공유카드2,변동비
2025-09-04,맘스터치,23700,식비,삼성카드,변동비
2025-09-04,카카오 택시,13600,교통,신한체크카드,변동비
2025-09-05,한전 전기요금,99800,전기요금,지역화폐,고정비
2025-09-05,도시가스 요금,36300,가스요금,지역화폐,고정비
2025-09-05,LG U+ 휴대폰,120600,통신비,신한체크카드,고정비
2025-09-05,김밥천국,23400,식비,삼성카드,변동비
2025-09-06,버거킹,7300,식비,삼성카드,변동비
2025-09-06,시내버스,7000,교통,토스공유카드1,변동비
2025-09-06,고속버스,1100,교통,지역화폐,변동비
2025-09-07,투썸플레이스,13100,식비,토스공유카드1,변동비
2025-09-08,BBQ 치킨,2900,식비,토스공유카드2,변동비
2025-09-08,고속버스,6400,교통,지역화폐,변동비
2025-09-09,김밥천국,9100,식비,토스공유카드2,변동비
2025-09-09,시내버스,11600,교통,토스공유카드1,변동비
2025-09-10,시내버스,6500,교통,토스공유카드1,변동비
2025-09-11,SK주유소,1900,교통,신한체크카드,변동비
2025-09-12,배달의민족,19800,식비,삼성카드,변동비
2025-09-13,버거킹,17600,식비,롯데카드,변동비
2025-09-13,버거킹,6000,식비,삼성카드,변동비
2025-09-13,맘스터치,17900,식비,삼성카드,변동비
2025-09-14,버거킹,17500,식비,삼성카드,변동비
2025-09-14,스타벅스,24700,식비,토스공유카드1,변동비
2025-09-14,코스트코,57600,마트,삼성카드,변동비
2025-09-14,SK주유소,15000,교통,토스공유카드1,변동비
2025-09-15,SK주유소,5500,교통,지역화폐,변동비
2025-09-15,시내버스,7500,교통,지역화폐,변동비
2025-09-16,BBQ 치킨,8300,식비,토스공유카드2,변동비
2025-09-16,망원시장,500,전통시장,토스공유카드2,변동비
2025-09-17,배달의민족,20200,식비,토스공유카드1,변동비
2025-09-17,홈플러스,44000,마트,삼성카드,변동비
2025-09-17,카카오 택시,14200,교통,지역화폐,변동비
2025-09-17,SK주유소,2000,교통,토스공유카드1,변동비
2025-09-18,CU 편의점,18300,식비,롯데카드,변동비
2025-09-18,망원시장,36000,전통시장,토스공유카드2,변동비
2025-09-18,고속버스,16100,교통,토스공유카드1,변동비
2025-09-19,투썸플레이스,17700,식비,토스공유카드2,변동비
2025-09-19,롯데마트,55900,마트,롯데카드,변동비
2025-09-20,버거킹,15700,식비,삼성카드,변동비
2025-09-20,배달의민족,14800,식비,토스공유카드2,변동비
2025-09-20,배달의민족,14000,식비,토스공유카드2,변동비
2025-09-20,지하철,9400,교통,신한체크카드,변동비
2025-09-21,SK주유소,500,교통,지역화폐,변동비
2025-09-21,고속버스,15600,교통,신한체크카드,변동비
2025-09-22,맘스터치,1400,식비,삼성카드,변동비
2025-09-22,홈플러스,92700,마트,삼성카드,변동비
2025-09-22,SK주유소,10800,교통,신한체크카드,변동비
2025-09-23,BBQ 치킨,20700,식비,토스공유카드1,변동비
2025-09-23,SK주유소,5600,교통,신한체크카드,변동비
2025-09-24,BBQ 치킨,9800,식비,토스공유카드2,변동비
2025-09-24,BBQ 치킨,2800,식비,토스공유카드1,변동비
2025-09-24,BBQ 치킨,7700,식비,토스공유카드1,변동비
2025-09-25,스타벅스,9200,식비,토스공유카드2,변동비
2025-09-25,BBQ 치킨,15200,식비,토스공유카드2,변동비
2025-09-25,SK주유소,7600,교통,지역화폐,변동비
2025-09-26,버거킹,11000,식비,롯데카드,변동비
2025-09-27,맘스터치,15800,식비,롯데카드,변동비
2025-09-27,시내버스,8000,교통,신한체크카드,변동비
2025-09-28,배달의민족,10300,식비,토스공유카드2,변동비
2025-09-28,SK주유소,8400,교통,지역화폐,변동비
2025-09-28,지하철,8000,교통,지역화폐,변동비
2025-09-29,BBQ 치킨,24000,식비,토스공유카드2,변동비
2025-09-29,망원시장,19600,전통시장,토스공유카드2,변동비
2025-09-29,시내버스,3800,교통,지역화폐,변동비
2025-09-29,지하철,6000,교통,지역화폐,변동비
2025-09-30,투썸플레이스,10300,식비,삼성카드,변동비
2025-09-30,이마트,51600,마트,삼성카드,변동비
2025-09-30,고속버스,5900,교통,지역화폐,변동비
2025-10-01,아파트 관리비,246700,관리비,지역화폐,고정비
2025-10-01,한전 전기요금,88600,전기요금,지역화폐,고정비
2025-10-01,상하수도 요금,24800,공과금,지역화폐,고정비
2025-10-01,맘스터치,10100,식비,삼성카드,변동비
2025-10-01,광장시장,4800,전통시장,토스공유카드2,변동비
2025-10-01,시내버스,5200,교통,토스공유카드1,변동비
2025-10-02,자격증 수강료,209600,교육,삼성카드,변동비
2025-10-02,BBQ 치킨,21600,식비,롯데카드,변동비
2025-10-02,SK주유소,1400,교통,토스공유카드1,변동비
2025-10-03,도시가스 요금,61900,가스요금,지역화폐,고정비
2025-10-03,KT 인터넷+TV,96700,통신비,신한체크카드,고정비
2025-10-03,주택담보대출 이자,414100,대출이자,신한체크카드,고정비
2025-10-03,배달의민족,12200,식비,삼성카드,변동비
2025-10-03,이마트,43200,마트,롯데카드,변동비
2025-10-04,연세의원,36000,의료,신한체크카드,변동비
2025-10-04,유튜브 프리미엄,21800,문화/여가,롯데카드,변동비
2025-10-04,무신사,87000,의류/미용,삼성카드,변동비
2025-10-04,버거킹,23700,식비,삼성카드,변동비
2025-10-04,홈플러스,46400,마트,토스공유카드1,변동비
2025-10-04,카카오 택시,5700,교통,지역화폐,변동비
2025-10-04,카카오 택시,5100,교통,지역화폐,변동비
2025-10-05,투썸플레이스,24200,식비,토스공유카드1,변동비
2025-10-05,카카오 택시,8200,교통,토스공유카드1,변동비
2025-10-06,김밥천국,21700,식비,토스공유카드2,변동비
2025-10-06,CU 편의점,17000,식비,롯데카드,변동비
2025-10-06,BBQ 치킨,22000,식비,롯데카드,변동비
2025-10-06,망원시장,26800,전통시장,지역화폐,변동비
2025-10-06,시내버스,7200,교통,지역화폐,변동비
2025-10-07,투썸플레이스,12100,식비,삼성카드,변동비
2025-10-08,BBQ 치킨,7000,식비,삼성카드,변동비
2025-10-09,투썸플레이스,7300,식비,토스공유카드2,변동비
2025-10-09,투썸플레이스,18500,식비,삼성카드,변동비
2025-10-09,BBQ 치킨,19800,식비,롯데카드,변동비
2025-10-09,시내버스,8500,교통,토스공유카드1,변동비
2025-10-10,버거킹,8600,식비,토스공유카드1,변동비
2025-10-10,투썸플레이스,17100,식비,토스공유카드2,변동비
2025-10-10,홈플러스,54400,마트,롯데카드,변동비
2025-10-10,광장시장,15600,전통시장,토스공유카드2,변동비
2025-10-10,SK주유소,17900,교통,신한체크카드,변동비
2025-10-11,버거킹,6200,식비,롯데카드,변동비
2025-10-11,경동시장,12300,전통시장,지역화폐,변동비
2025-10-11,카카오 택시,11400,교통,토스공유카드1,변동비
2025-10-12,BBQ 치킨,8600,식비,롯데카드,변동비
2025-10-12,시내버스,5100,교통,신한체크카드,변동비
2025-10-13,시내버스,7700,교통,토스공유카드1,변동비
2025-10-14,시내버스,12400,교통,지역화폐,변동비
2025-10-15,롯데마트,31400,마트,롯데카드,변동비
2025-10-16,투썸플레이스,18600,식비,토스공유카드1,변동비
2025-10-16,SK주유소,2400,교통,토스공유카드1,변동비
2025-10-17,맘스터치,7100,식비,토스공유카드1,변동비
2025-10-17,스타벅스,12400,식비,토스공유카드2,변동비
2025-10-17,망원시장,28800,전통시장,토스공유카드2,변동비
2025-10-18,SK주유소,9900,교통,토스공유카드1,변동비
2025-10-20,김밥천국,19000,식비,삼성카드,변동비
2025-10-20,시내버스,7500,교통,신한체크카드,변동비
2025-10-20,SK주유소,16600,교통,토스공유카드1,변동비
2025-10-21,맘스터치,15900,식비,토스공유카드1,변동비
2025-10-21,맘스터치,9900,식비,토스공유카드2,변동비
2025-10-21,맘스터치,11900,식비,삼성카드,변동비
2025-10-22,경동시장,31000,전통시장,지역화폐,변동비
2025-10-23,투썸플레이스,500,식비,토스공유카드1,변동비
2025-10-23,BBQ 치킨,600,식비,토스공유카드2,변동비
2025-10-24,CU 편의점,25900,식비,토스공유카드1,변동비
2025-10-24,투썸플레이스,13000,식비,토스공유카드2,변동비
2025-10-24,지하철,16100,교통,신한체크카드,변동비
2025-10-24,시내버스,8200,교통,지역화폐,변동비
2025-10-25,버거킹,24100,식비,삼성카드,변동비
2025-10-25,CU 편의점,9500,식비,토스공유카드2,변동비
2025-10-25,SK주유소,7800,교통,토스공유카드1,변동비
2025-10-26,CU 편의점,12500,식비,롯데카드,변동비
2025-10-26,CU 편의점,26000,식비,토스공유카드1,변동비
2025-10-26,BBQ 치킨,500,식비,삼성카드,변동비
2025-10-26,지하철,2500,교통,신한체크카드,변동비
2025-10-27,맘스터치,26500,식비,토스공유카드2,변동비
2025-10-27,버거킹,4400,식비,롯데카드,변동비
2025-10-27,스타벅스,6100,식비,토스공유카드2,변동비
2025-10-27,고속버스,12500,교통,신한체크카드,변동비
2025-10-28,BBQ 치킨,12400,식비,삼성카드,변동비
2025-10-28,김밥천국,15800,식비,롯데카드,변동비
2025-10-28,맘스터치,24400,식비,토스공유카드2,변동비
2025-10-28,광장시장,36000,전통시장,지역화폐,변동비
2025-10-28,SK주유소,4100,교통,토스공유카드1,변동비
2025-10-29,노브랜드,38600,마트,토스공유카드1,변동비
2025-10-30,맘스터치,6900,식비,토스공유카드1,변동비
2025-10-30,SK주유소,4000,교통,신한체크카드,변동비
2025-10-31,김밥천국,2900,식비,토스공유카드1,변동비
2025-10-31,맘스터치,12100,식비,토스공유카드1,변동비
2025-10-31,지하철,9900,교통,토스공유카드1,변동비
2025-11-01,LG U+ 휴대폰,93300,통신비,삼성카드,고정비
2025-11-01,주택담보대출 이자,420000,대출이자,신한체크카드,고정비
2025-11-01,관리실 주차비,47800,주거,신한체크카드,고정비
2025-11-01,김밥천국,12300,식비,삼성카드,변동비
2025-11-02,한전 전기요금,74300,전기요금,신한체크카드,고정비
2025-11-02,스타벅스,10800,식비,롯데카드,변동비
2025-11-02,투썸플레이스,7500,식비,토스공유카드1,변동비
2025-11-02,카카오 택시,13100,교통,신한체크카드,변동비
2025-11-03,아파트 관리비,259000,관리비,지역화폐,고정비
2025-11-03,도시가스 요금,12900,가스요금,지역화폐,고정비
2025-11-03,상하수도 요금,19500,공과금,신한체크카드,고정비
2025-11-03,교보문고,17800,문화/여가,롯데카드,변동비
2025-11-03,김밥천국,10300,식비,롯데카드,변동비
2025-11-03,스타벅스,4600,식비,토스공유카드1,변동비
2025-11-03,카카오 택시,5700,교통,지역화폐,변동비
2025-11-03,SK주유소,8600,교통,토스공유카드1,변동비
2025-11-04,스타벅스,16200,식비,삼성카드,변동비
2025-11-04,경동시장,39500,전통시장,지역화폐,변동비
2025-11-04,SK주유소,7000,교통,지역화폐,변동비
2025-11-06,CU 편의점,9200,식비,토스공유카드2,변동비
2025-11-06,스타벅스,8000,식비,롯데카드,변동비
2025-11-06,맘스터치,7900,식비,삼성카드,변동비
2025-11-06,시내버스,5800,교통,토스공유카드1,변동비
2025-11-07,맘스터치,7400,식비,토스공유카드2,변동비
2025-11-07,투썸플레이스,11400,식비,토스공유카드1,변동비
2025-11-07,배달의민족,23100,식비,롯데카드,변동비
2025-11-07,이마트,20900,마트,토스공유카드1,변동비
2025-11-07,고속버스,8400,교통,신한체크카드,변동비
2025-11-08,맘스터치,14200,식비,토스공유카드2,변동비
2025-11-09,고속버스,5600,교통,지역화폐,변동비
2025-11-09,SK주유소,8300,교통,토스공유카드1,변동비
2025-11-10,BBQ 치킨,11700,식비,롯데카드,변동비
2025-11-10,맘스터치,13100,식비,롯데카드,변동비
2025-11-11,CU 편의점,8200,식비,롯데카드,변동비
2025-11-11,노브랜드,62000,마트,토스공유카드1,변동비
2025-11-11,지하철,10300,교통,지역화폐,변동비
2025-11-12,CU 편의점,17200,식비,롯데카드,변동비
2025-11-12,광장시장,20700,전통시장,토스공유카드2,변동비
2025-11-13,CU 편의점,500,식비,토스공유카드1,변동비
2025-11-13,지하철,6300,교통,지역화폐,변동비
2025-11-14,홈플러스,90700,마트,롯데카드,변동비
2025-11-15,투썸플레이스,10500,식비,롯데카드,변동비
2025-11-15,버거킹,12300,식비,삼성카드,변동비
2025-11-15,광장시장,36500,전통시장,토스공유카드2,변동비
2025-11-15,시내버스,6500,교통,토스공유카드1,변동비
2025-11-15,카카오 택시,7700,교통,토스공유카드1,변동비
2025-11-16,김밥천국,11000,식비,삼성카드,변동비
2025-11-16,투썸플레이스,4200,식비,삼성카드,변동비
2025-11-16,고속버스,8000,교통,토스공유카드1,변동비
2025-11-17,경동시장,29900,전통시장,토스공유카드2,변동비
2025-11-17,카카오 택시,12300,교통,신한체크카드,변동비
2025-11-17,지하철,13700,교통,지역화폐,변동비
2025-11-18,김밥천국,10600,식비,롯데카드,변동비
2025-11-18,코스트코,66100,마트,토스공유카드1,변동비
2025-11-18,고속버스,5000,교통,신한체크카드,변동비
2025-11-19,맘스터치,20400,식비,롯데카드,변동비
2025-11-19,롯데마트,77100,마트,토스공유카드1,변동비
2025-11-19,고속버스,14600,교통,신한체크카드,변동비
2025-11-20,스타벅스,12400,식비,삼성카드,변동비
2025-11-20,카카오 택시,14100,교통,지역화폐,변동비
2025-11-21,CU 편의점,11600,식비,토스공유카드2,변동비
2025-11-21,BBQ 치킨,7900,식비,삼성카드,변동비
2025-11-21,BBQ 치킨,25500,식비,토스공유카드1,변동비
2025-11-21,시내버스,7400,교통,신한체크카드,변동비
2025-11-21,지하철,11900,교통,신한체크카드,변동비
2025-11-22,맘스터치,10700,식비,롯데카드,변동비
2025-11-22,김밥천국,17000,식비,롯데카드,변동비
2025-11-22,코스트코,52900,마트,토스공유카드1,변동비
2025-11-22,지하철,12100,교통,토스공유카드1,변동비
2025-11-22,시내버스,7000,교통,신한체크카드,변동비
2025-11-23,맘스터치,5000,식비,롯데카드,변동비
2025-11-23,시내버스,11100,교통,토스공유카드1,변동비
2025-11-24,배달의민족,500,식비,삼성카드,변동비
2025-11-24,스타벅스,1700,식비,롯데카드,변동비
2025-11-24,지하철,4500,교통,신한체크카드,변동비
2025-11-25,CU 편의점,16200,식비,삼성카드,변동비
2025-11-25,맘스터치,11000,식비,토스공유카드1,변동비
2025-11-25,김밥천국,20800,식비,롯데카드,변동비
2025-11-26,배달의민족,26600,식비,토스공유카드2,변동비
2025-11-26,이마트,37200,마트,토스공유카드1,변동비
2025-11-27,지하철,11700,교통,지역화폐,변동비
2025-11-28,스타벅스,17800,식비,토스공유카드2,변동비
2025-11-28,롯데마트,100800,마트,삼성카드,변동비
2025-11-28,카카오 택시,8300,교통,신한체크카드,변동비
2025-11-29,스타벅스,7600,식비,토스공유카드2,변동비
2025-11-30,배달의민족,11700,식비,토스공유카드1,변동비
2025-11-30,김밥천국,17400,식비,삼성카드,변동비
2025-11-30,시내버스,10100,교통,토스공유카드1,변동비
2025-11-30,시내버스,17600,교통,신한체크카드,변동비
2025-12-01,스타벅스,18200,식비,삼성카드,변동비
2025-12-01,김밥천국,25700,식비,롯데카드,변동비
2025-12-01,이마트,55600,마트,롯데카드,변동비
2025-12-01,지하철,10600,교통,지역화폐,변동비
2025-12-02,주택담보대출 이자,418300,대출이자,신한체크카드,고정비
2025-12-02,버거킹,7000,식비,삼성카드,변동비
2025-12-02,지하철,500,교통,신한체크카드,변동비
2025-12-03,도시가스 요금,124700,가스요금,지역화폐,고정비
2025-12-03,SKT 휴대폰,111200,통신비,삼성카드,고정비
2025-12-03,상하수도 요금,23800,공과금,지역화폐,고정비
2025-12-03,시내버스,7500,교통,지역화폐,변동비
2025-12-04,아파트 관리비,243800,관리비,지역화폐,고정비
2025-12-04,한전 전기요금,117600,전기요금,지역화폐,고정비
2025-12-04,무신사,29100,의류/미용,삼성카드,변동비
2025-12-05,맘스터치,15000,식비,토스공유카드2,변동비
2025-12-05,카카오 택시,12500,교통,토스공유카드1,변동비
2025-12-06,스타벅스,19700,식비,토스공유카드1,변동비
2025-12-06,고속버스,4200,교통,토스공유카드1,변동비
2025-12-07,투썸플레이스,11800,식비,롯데카드,변동비
2025-12-07,지하철,18200,교통,토스공유카드1,변동비
2025-12-08,김밥천국,17700,식비,토스공유카드2,변동비
2025-12-08,맘스터치,20800,식비,토스공유카드1,변동비
2025-12-08,고속버스,10300,교통,토스공유카드1,변동비
2025-12-09,스타벅스,16200,식비,토스공유카드1,변동비
2025-12-09,고속버스,12700,교통,신한체크카드,변동비
2025-12-09,카카오 택시,2000,교통,신한체크카드,변동비
2025-12-10,지하철,10000,교통,지역화폐,변동비
2025-12-11,스타벅스,8700,식비,롯데카드,변동비
2025-12-11,SK주유소,17700,교통,신한체크카드,변동비
2025-12-12,맘스터치,18900,식비,토스공유카드2,변동비
2025-12-12,투썸플레이스,23100,식비,토스공유카드2,변동비
2025-12-13,배달의민족,22000,식비,토스공유카드2,변동비
2025-12-14,버거킹,4500,식비,토스공유카드1,변동비
2025-12-14,맘스터치,14000,식비,삼성카드,변동비
2025-12-14,카카오 택시,9100,교통,지역화폐,변동비
2025-12-14,카카오 택시,8900,교통,지역화폐,변동비
2025-12-15,김밥천국,11400,식비,롯데카드,변동비
2025-12-15,배달의민족,7100,식비,토스공유카드1,변동비
2025-12-15,CU 편의점,5000,식비,롯데카드,변동비
2025-12-16,지하철,9300,교통,신한체크카드,변동비
2025-12-16,시내버스,5500,교통,신한체크카드,변동비
2025-12-17,맘스터치,11200,식비,토스공유카드1,변동비
2025-12-17,김밥천국,2500,식비,토스공유카드2,변동비
2025-12-17,김밥천국,10900,식비,토스공유카드2,변동비
2025-12-17,홈플러스,73100,마트,토스공유카드1,변동비
2025-12-17,SK주유소,10100,교통,지역화폐,변동비
2025-12-17,정기 건강검진,130000,의료,롯데카드,변동비
2025-12-18,스타벅스,15500,식비,삼성카드,변동비
2025-12-18,BBQ 치킨,17100,식비,토스공유카드1,변동비
2025-12-18,홈플러스,52500,마트,롯데카드,변동비
2025-12-18,시내버스,9400,교통,지역화폐,변동비
2025-12-19,투썸플레이스,14100,식비,롯데카드,변동비
2025-12-19,지하철,4900,교통,지역화폐,변동비
2025-12-20,이마트,43300,마트,롯데카드,변동비
2025-12-21,경동시장,26600,전통시장,토스공유카드2,변동비
2025-12-21,지하철,7500,교통,지역화폐,변동비
2025-12-21,시내버스,2900,교통,신한체크카드,변동비
2025-12-22,버거킹,14100,식비,토스공유카드1,변동비
2025-12-22,BBQ 치킨,14300,식비,토스공유카드1,변동비
2025-12-22,지하철,9100,교통,토스공유카드1,변동비
2025-12-22,카카오 택시,14700,교통,신한체크카드,변동비
2025-12-23,중앙시장,34500,전통시장,토스공유카드2,변동비
2025-12-24,김밥천국,22400,식비,롯데카드,변동비
2025-12-24,BBQ 치킨,8000,식비,삼성카드,변동비
2025-12-24,카카오 택시,4500,교통,지역화폐,변동비
2025-12-24,카카오 택시,12300,교통,지역화폐,변동비
2025-12-25,스타벅스,16800,식비,삼성카드,변동비
2025-12-25,투썸플레이스,20700,식비,삼성카드,변동비
2025-12-25,카카오 택시,6900,교통,신한체크카드,변동비
2025-12-26,버거킹,15700,식비,롯데카드,변동비
2025-12-26,배달의민족,25500,식비,삼성카드,변동비
2025-12-26,SK주유소,500,교통,지역화폐,변동비
2025-12-28,스타벅스,15900,식비,토스공유카드1,변동비
2025-12-28,고속버스,11600,교통,토스공유카드1,변동비
2025-12-28,카카오 택시,14200,교통,지역화폐,변동비
2025-12-29,BBQ 치킨,25800,식비,토스공유카드2,변동비
2025-12-29,고속버스,6900,교통,토스공유카드1,변동비
2025-12-30,김밥천국,4600,식비,롯데카드,변동비
2025-12-30,김밥천국,10000,식비,롯데카드,변동비
2025-12-31,시내버스,10100,교통,신한체크카드,변동비
2025-12-31,SK주유소,12800,교통,신한체크카드,변동비
2026-01-01,도시가스 요금,6300,가스요금,신한체크카드,고정비
2026-01-01,교보문고,16600,문화/여가,삼성카드,변동비
2026-01-01,버거킹,11100,식비,삼성카드,변동비
2026-01-01,버거킹,5900,식비,롯데카드,변동비
2026-01-02,아파트 관리비,290800,관리비,지역화폐,고정비
2026-01-02,한전 전기요금,70900,전기요금,신한체크카드,고정비
2026-01-02,KT 인터넷+TV,98300,통신비,신한체크카드,고정비
2026-01-02,연세의원,38800,의료,삼성카드,변동비
2026-01-02,배달의민족,13900,식비,롯데카드,변동비
2026-01-03,관리실 주차비,32300,주거,신한체크카드,고정비
2026-01-03,투썸플레이스,17400,식비,삼성카드,변동비
2026-01-03,배달의민족,16300,식비,삼성카드,변동비
2026-01-03,카카오 택시,2600,교통,지역화폐,변동비
2026-01-04,주택담보대출 이자,419600,대출이자,신한체크카드,고정비
2026-01-04,스타벅스,10500,식비,롯데카드,변동비
2026-01-04,지하철,7600,교통,지역화폐,변동비
2026-01-05,상하수도 요금,27200,공과금,지역화폐,고정비
2026-01-05,배달의민족,1600,식비,롯데카드,변동비
2026-01-05,이마트,40800,마트,삼성카드,변동비
2026-01-05,광장시장,22300,전통시장,지역화폐,변동비
2026-01-06,CU 편의점,500,식비,삼성카드,변동비
2026-01-06,중앙시장,31400,전통시장,지역화폐,변동비
2026-01-07,BBQ 치킨,8000,식비,롯데카드,변동비
2026-01-07,버거킹,18600,식비,롯데카드,변동비
2026-01-07,망원시장,34800,전통시장,지역화폐,변동비
2026-01-07,시내버스,8300,교통,토스공유카드1,변동비
2026-01-07,고속버스,5600,교통,토스공유카드1,변동비
2026-01-08,CU 편의점,9500,식비,토스공유카드1,변동비
2026-01-08,CU 편의점,14200,식비,토스공유카드2,변동비
2026-01-08,롯데마트,63800,마트,토스공유카드1,변동비
2026-01-08,망원시장,56000,전통시장,토스공유카드2,변동비
2026-01-09,지하철,3600,교통,지역화폐,변동비
2026-01-09,카카오 택시,8000,교통,지역화폐,변동비
2026-01-09,겨울 외투 구매,230300,의류/미용,신한체크카드,변동비
2026-01-09,부모님 생신 선물,131200,경조사,롯데카드,변동비
2026-01-11,BBQ 치킨,12600,식비,토스공유카드1,변동비
2026-01-11,BBQ 치킨,20900,식비,삼성카드,변동비
2026-01-11,카카오 택시,10600,교통,토스공유카드1,변동비
2026-01-12,스타벅스,7500,식비,토스공유카드2,변동비
2026-01-12,CU 편의점,3200,식비,토스공유카드1,변동비
2026-01-12,CU 편의점,12200,식비,롯데카드,변동비
2026-01-13,배달의민족,5700,식비,삼성카드,변동비
2026-01-13,배달의민족,6100,식비,삼성카드,변동비
2026-01-14,맘스터치,15400,식비,롯데카드,변동비
2026-01-14,SK주유소,16000,교통,지역화폐,변동비
2026-01-15,SK주유소,9100,교통,신한체크카드,변동비
2026-01-15,카카오 택시,11400,교통,토스공유카드1,변동비
2026-01-16,BBQ 치킨,18800,식비,삼성카드,변동비
2026-01-17,투썸플레이스,18100,식비,롯데카드,변동비
2026-01-17,SK주유소,8600,교통,지역화폐,변동비
2026-01-18,투썸플레이스,17700,식비,토스공유카드1,변동비
2026-01-18,버거킹,11100,식비,롯데카드,변동비
2026-01-18,버거킹,10800,식비,토스공유카드2,변동비
2026-01-18,롯데마트,79100,마트,토스공유카드1,변동비
2026-01-19,카카오 택시,4500,교통,지역화폐,변동비
2026-01-19,시내버스,5600,교통,신한체크카드,변동비
2026-01-20,스타벅스,18900,식비,토스공유카드2,변동비
2026-01-20,지하철,500,교통,지역화폐,변동비
2026-01-22,CU 편의점,7500,식비,롯데카드,변동비
2026-01-22,스타벅스,26000,식비,토스공유카드2,변동비
2026-01-22,CU 편의점,3100,식비,롯데카드,변동비
2026-01-23,BBQ 치킨,25900,식비,토스공유카드2,변동비
2026-01-23,맘스터치,8200,식비,롯데카드,변동비
2026-01-23,고속버스,8800,교통,지역화폐,변동비
2026-01-24,김밥천국,3600,식비,롯데카드,변동비
2026-01-25,맘스터치,9800,식비,토스공유카드2,변동비
2026-01-25,SK주유소,2500,교통,토스공유카드1,변동비
2026-01-25,카카오 택시,9900,교통,신한체크카드,변동비
2026-01-26,스타벅스,15800,식비,토스공유카드2,변동비
2026-01-26,SK주유소,3900,교통,지역화폐,변동비
2026-01-27,맘스터치,4900,식비,롯데카드,변동비
2026-01-27,배달의민족,7600,식비,토스공유카드2,변동비
2026-01-27,맘스터치,8200,식비,토스공유카드2,변동비
2026-01-27,SK주유소,9600,교통,토스공유카드1,변동비
2026-01-28,김밥천국,24800,식비,토스공유카드2,변동비
2026-01-28,SK주유소,1700,교통,토스공유카드1,변동비
2026-01-28,정기 건강검진,182600,의료,삼성카드,변동비
2026-01-29,투썸플레이스,19700,식비,롯데카드,변동비
2026-01-29,CU 편의점,14700,식비,토스공유카드1,변동비
2026-01-29,SK주유소,3300,교통,토스공유카드1,변동비
2026-01-29,시내버스,16800,교통,지역화폐,변동비
2026-01-30,코스트코,59400,마트,토스공유카드1,변동비
2026-01-30,카카오 택시,10500,교통,신한체크카드,변동비
2026-01-30,정기 건강검진,127500,의료,롯데카드,변동비
2026-01-31,투썸플레이스,21000,식비,삼성카드,변동비
2026-02-01,상하수도 요금,33600,공과금,지역화폐,고정비
2026-02-01,BBQ 치킨,15000,식비,토스공유카드2,변동비
2026-02-01,중앙시장,12100,전통시장,토스공유카드2,변동비
2026-02-01,SK주유소,8900,교통,지역화폐,변동비
2026-02-01,시내버스,5600,교통,토스공유카드1,변동비
2026-02-02,도시가스 요금,18400,가스요금,신한체크카드,고정비
2026-02-02,SKT 휴대폰,82100,통신비,신한체크카드,고정비
2026-02-02,관리실 주차비,34200,주거,신한체크카드,고정비
2026-02-02,약국,9100,의료,삼성카드,변동비
2026-02-02,교보문고,19500,문화/여가,삼성카드,변동비
2026-02-02,올리브영,8600,의류/미용,롯데카드,변동비
2026-02-02,배달의민족,17800,식비,토스공유카드1,변동비
2026-02-02,시내버스,10500,교통,토스공유카드1,변동비
2026-02-03,한전 전기요금,65800,전기요금,신한체크카드,고정비
2026-02-03,맘스터치,13600,식비,롯데카드,변동비
2026-02-03,스타벅스,14600,식비,삼성카드,변동비
2026-02-04,아파트 관리비,278500,관리비,지역화폐,고정비
2026-02-04,조의금,100300,경조사,롯데카드,변동비
2026-02-04,김밥천국,22300,식비,삼성카드,변동비
2026-02-04,카카오 택시,11100,교통,토스공유카드1,변동비
2026-02-04,고속버스,5400,교통,신한체크카드,변동비
2026-02-05,주택담보대출 이자,422500,대출이자,신한체크카드,고정비
2026-02-05,영어학원,205500,교육,삼성카드,변동비
2026-02-05,투썸플레이스,6600,식비,삼성카드,변동비
2026-02-05,카카오 택시,9800,교통,토스공유카드1,변동비
2026-02-05,카카오 택시,7600,교통,지역화폐,변동비
2026-02-06,BBQ 치킨,6000,식비,토스공유카드1,변동비
2026-02-06,CU 편의점,16100,식비,롯데카드,변동비
2026-02-06,카카오 택시,13900,교통,신한체크카드,변동비
2026-02-07,배달의민족,5200,식비,토스공유카드1,변동비
2026-02-07,고속버스,7400,교통,지역화폐,변동비
2026-02-07,카카오 택시,8800,교통,신한체크카드,변동비
2026-02-08,CU 편의점,13100,식비,토스공유카드1,변동비
2026-02-08,CU 편의점,17900,식비,삼성카드,변동비
2026-02-09,시내버스,4300,교통,토스공유카드1,변동비
2026-02-10,김밥천국,10400,식비,롯데카드,변동비
2026-02-10,지하철,2800,교통,토스공유카드1,변동비
2026-02-10,SK주유소,5400,교통,신한체크카드,변동비
2026-02-11,김밥천국,17100,식비,토스공유카드2,변동비
2026-02-11,배달의민족,24900,식비,토스공유카드1,변동비
2026-02-12,투썸플레이스,13100,식비,롯데카드,변동비
2026-02-12,SK주유소,8800,교통,신한체크카드,변동비
2026-02-12,시내버스,10200,교통,토스공유카드1,변동비
2026-02-13,배달의민족,7000,식비,토스공유카드1,변동비
2026-02-13,배달의민족,15800,식비,토스공유카드2,변동비
2026-02-13,버거킹,14300,식비,토스공유카드1,변동비
2026-02-14,BBQ 치킨,7700,식비,토스공유카드2,변동비
2026-02-14,BBQ 치킨,8500,식비,롯데카드,변동비
2026-02-14,학기 등록금 분할,551300,교육,롯데카드,변동비
2026-02-15,배달의민족,27300,식비,토스공유카드2,변동비
2026-02-15,광장시장,46300,전통시장,지역화폐,변동비
2026-02-15,지하철,7600,교통,지역화폐,변동비
2026-02-15,지하철,15000,교통,신한체크카드,변동비
2026-02-16,카카오 택시,5100,교통,토스공유카드1,변동비
2026-02-16,SK주유소,500,교통,지역화폐,변동비
2026-02-17,SK주유소,4100,교통,토스공유카드1,변동비
2026-02-17,고속버스,3500,교통,지역화폐,변동비
2026-02-18,BBQ 치킨,19100,식비,토스공유카드2,변동비
2026-02-19,시내버스,7500,교통,토스공유카드1,변동비
2026-02-20,경동시장,16600,전통시장,토스공유카드2,변동비
2026-02-21,카카오 택시,4100,교통,신한체크카드,변동비
2026-02-22,스타벅스,14900,식비,삼성카드,변동비
2026-02-22,김밥천국,10300,식비,토스공유카드1,변동비
2026-02-22,시내버스,8500,교통,신한체크카드,변동비
2026-02-23,버거킹,8600,식비,롯데카드,변동비
2026-02-23,이마트,57400,마트,삼성카드,변동비
2026-02-24,BBQ 치킨,7800,식비,토스공유카드1,변동비
2026-02-24,버거킹,19500,식비,토스공유카드1,변동비
2026-02-24,고속버스,11400,교통,신한체크카드,변동비
2026-02-25,중앙시장,20800,전통시장,토스공유카드2,변동비
2026-02-26,버거킹,5700,식비,토스공유카드2,변동비
2026-02-27,맘스터치,13400,식비,롯데카드,변동비
2026-02-27,카카오 택시,9300,교통,지역화폐,변동비
2026-02-28,투썸플레이스,10500,식비,토스공유카드1,변동비
2026-02-28,BBQ 치킨,15000,식비,삼성카드,변동비
2026-02-28,홈플러스,46100,마트,토스공유카드1,변동비
2026-03-01,상하수도 요금,26800,공과금,신한체크카드,고정비
2026-03-01,유튜브 프리미엄,20400,문화/여가,삼성카드,변동비
2026-03-01,CU 편의점,7000,식비,토스공유카드2,변동비
2026-03-01,코스트코,50900,마트,토스공유카드1,변동비
2026-03-01,고속버스,11400,교통,신한체크카드,변동비
2026-03-01,지하철,7400,교통,토스공유카드1,변동비
2026-03-02,한전 전기요금,71200,전기요금,지역화폐,고정비
2026-03-02,시내버스,12800,교통,신한체크카드,변동비
2026-03-03,관리실 주차비,40300,주거,신한체크카드,고정비
2026-03-03,김밥천국,3500,식비,토스공유카드2,변동비
2026-03-04,도시가스 요금,72200,가스요금,지역화폐,고정비
2026-03-04,SKT 휴대폰,121800,통신비,신한체크카드,고정비
2026-03-04,주택담보대출 이자,414000,대출이자,신한체크카드,고정비
2026-03-04,맘스터치,7900,식비,토스공유카드1,변동비
2026-03-04,BBQ 치킨,27300,식비,삼성카드,변동비
2026-03-04,버거킹,11900,식비,토스공유카드1,변동비
2026-03-04,카카오 택시,7600,교통,토스공유카드1,변동비
2026-03-05,아파트 관리비,273500,관리비,신한체크카드,고정비
2026-03-05,맘스터치,14900,식비,토스공유카드2,변동비
2026-03-05,BBQ 치킨,1700,식비,토스공유카드1,변동비
2026-03-05,시내버스,5100,교통,신한체크카드,변동비
2026-03-06,버거킹,5600,식비,토스공유카드1,변동비
2026-03-06,BBQ 치킨,5700,식비,토스공유카드1,변동비
2026-03-06,코스트코,65200,마트,삼성카드,변동비
2026-03-07,배달의민족,13200,식비,토스공유카드2,변동비
2026-03-08,고속버스,9000,교통,신한체크카드,변동비
2026-03-09,카카오 택시,9400,교통,지역화폐,변동비
2026-03-09,지하철,4300,교통,토스공유카드1,변동비
2026-03-10,투썸플레이스,14100,식비,토스공유카드2,변동비
2026-03-10,맘스터치,25300,식비,토스공유카드1,변동비
2026-03-10,롯데마트,23000,마트,토스공유카드1,변동비
2026-03-10,시내버스,6900,교통,지역화폐,변동비
2026-03-10,SK주유소,5600,교통,토스공유카드1,변동비
2026-03-11,버거킹,20800,식비,토스공유카드2,변동비
2026-03-11,SK주유소,10600,교통,지역화폐,변동비
2026-03-11,시내버스,1900,교통,토스공유카드1,변동비
2026-03-12,CU 편의점,11200,식비,토스공유카드2,변동비
2026-03-12,CU 편의점,6400,식비,토스공유카드2,변동비
2026-03-12,BBQ 치킨,16200,식비,롯데카드,변동비
2026-03-12,중앙시장,26700,전통시장,토스공유카드2,변동비
2026-03-12,고속버스,9200,교통,토스공유카드1,변동비
2026-03-13,버거킹,25800,식비,삼성카드,변동비
2026-03-13,중앙시장,28400,전통시장,지역화폐,변동비
2026-03-14,맘스터치,11400,식비,토스공유카드1,변동비
2026-03-14,지하철,9600,교통,토스공유카드1,변동비
2026-03-14,고속버스,5000,교통,지역화폐,변동비
2026-03-15,스타벅스,2800,식비,토스공유카드2,변동비
2026-03-15,스타벅스,14700,식비,삼성카드,변동비
2026-03-15,지하철,13900,교통,신한체크카드,변동비
2026-03-15,고속버스,7200,교통,지역화폐,변동비
2026-03-16,맘스터치,9800,식비,롯데카드,변동비
2026-03-17,투썸플레이스,16400,식비,토스공유카드2,변동비
2026-03-18,버거킹,14200,식비,토스공유카드2,변동비
2026-03-18,맘스터치,3900,식비,삼성카드,변동비
2026-03-18,홈플러스,72700,마트,롯데카드,변동비
2026-03-18,시내버스,4700,교통,토스공유카드1,변동비
2026-03-20,맘스터치,13900,식비,토스공유카드2,변동비
2026-03-21,투썸플레이스,18900,식비,토스공유카드2,변동비
2026-03-21,코스트코,59500,마트,롯데카드,변동비
2026-03-21,카카오 택시,10300,교통,토스공유카드1,변동비
2026-03-22,김밥천국,13200,식비,토스공유카드1,변동비
2026-03-22,투썸플레이스,8700,식비,삼성카드,변동비
2026-03-23,스타벅스,12600,식비,토스공유카드1,변동비
2026-03-23,버거킹,15300,식비,토스공유카드2,변동비
2026-03-23,고속버스,7300,교통,토스공유카드1,변동비
2026-03-24,버거킹,17300,식비,토스공유카드1,변동비
2026-03-24,투썸플레이스,17500,식비,롯데카드,변동비
2026-03-24,배달의민족,24200,식비,삼성카드,변동비
2026-03-24,이마트,65500,마트,삼성카드,변동비
2026-03-24,시내버스,15200,교통,토스공유카드1,변동비
2026-03-25,맘스터치,11500,식비,삼성카드,변동비
2026-03-25,투썸플레이스,13300,식비,롯데카드,변동비
2026-03-25,코스트코,31900,마트,롯데카드,변동비
2026-03-25,경동시장,13000,전통시장,지역화폐,변동비
2026-03-25,카카오 택시,9400,교통,지역화폐,변동비
2026-03-25,SK주유소,500,교통,토스공유카드1,변동비
2026-03-26,김밥천국,27600,식비,토스공유카드1,변동비
2026-03-27,투썸플레이스,18000,식비,삼성카드,변동비
2026-03-27,맘스터치,1300,식비,롯데카드,변동비
2026-03-28,배달의민족,8400,식비,롯데카드,변동비
2026-03-28,CU 편의점,18500,식비,삼성카드,변동비
2026-03-28,고속버스,500,교통,토스공유카드1,변동비
2026-03-29,CU 편의점,13300,식비,토스공유카드1,변동비
2026-03-29,스타벅스,15400,식비,토스공유카드2,변동비
2026-03-30,맘스터치,5900,식비,롯데카드,변동비
2026-03-30,광장시장,40400,전통시장,토스공유카드2,변동비
2026-03-30,카카오 택시,9000,교통,신한체크카드,변동비
2026-03-30,카카오 택시,15400,교통,신한체크카드,변동비
2026-03-31,고속버스,11400,교통,신한체크카드,변동비
2026-03-31,SK주유소,4300,교통,지역화폐,변동비
2026-04-01,상하수도 요금,16800,공과금,지역화폐,고정비
2026-04-01,BBQ 치킨,12300,식비,롯데카드,변동비
2026-04-01,투썸플레이스,14100,식비,토스공유카드2,변동비
2026-04-02,관리실 주차비,41400,주거,신한체크카드,고정비
2026-04-02,CGV,19700,문화/여가,롯데카드,변동비
2026-04-02,카카오 택시,1900,교통,신한체크카드,변동비
2026-04-03,아파트 관리비,243000,관리비,지역화폐,고정비
2026-04-03,한전 전기요금,53500,전기요금,지역화폐,고정비
2026-04-03,도시가스 요금,111300,가스요금,지역화폐,고정비
2026-04-03,김밥천국,14000,식비,삼성카드,변동비
2026-04-03,투썸플레이스,22300,식비,롯데카드,변동비
2026-04-03,배달의민족,16700,식비,롯데카드,변동비
2026-04-03,홈플러스,44400,마트,삼성카드,변동비
2026-04-04,주택담보대출 이자,419200,대출이자,신한체크카드,고정비
2026-04-04,김밥천국,16700,식비,토스공유카드2,변동비
2026-04-05,LG U+ 휴대폰,90100,통신비,신한체크카드,고정비
2026-04-05,김밥천국,13000,식비,토스공유카드2,변동비
2026-04-05,시내버스,4800,교통,신한체크카드,변동비
2026-04-05,고속버스,9200,교통,신한체크카드,변동비
2026-04-06,김밥천국,7600,식비,롯데카드,변동비
2026-04-06,배달의민족,12100,식비,토스공유카드1,변동비
2026-04-06,카카오 택시,15800,교통,토스공유카드1,변동비
2026-04-07,김밥천국,20300,식비,롯데카드,변동비
2026-04-08,BBQ 치킨,8500,식비,롯데카드,변동비
2026-04-08,배달의민족,6800,식비,토스공유카드2,변동비
2026-04-08,배달의민족,11800,식비,토스공유카드1,변동비
2026-04-08,광장시장,35200,전통시장,토스공유카드2,변동비
2026-04-08,SK주유소,7100,교통,지역화폐,변동비
2026-04-09,투썸플레이스,14400,식비,롯데카드,변동비
2026-04-09,광장시장,42300,전통시장,토스공유카드2,변동비
2026-04-09,카카오 택시,4600,교통,토스공유카드1,변동비
2026-04-09,시내버스,8200,교통,토스공유카드1,변동비
2026-04-10,투썸플레이스,6600,식비,롯데카드,변동비
2026-04-10,카카오 택시,13900,교통,신한체크카드,변동비
2026-04-10,SK주유소,700,교통,토스공유카드1,변동비
2026-04-11,버거킹,16600,식비,삼성카드,변동비
2026-04-11,스타벅스,18800,식비,롯데카드,변동비
2026-04-12,버거킹,9300,식비,토스공유카드1,변동비
2026-04-12,CU 편의점,19000,식비,토스공유카드1,변동비
2026-04-12,버거킹,15600,식비,롯데카드,변동비
2026-04-12,노브랜드,13400,마트,토스공유카드1,변동비
2026-04-13,BBQ 치킨,13900,식비,롯데카드,변동비
2026-04-13,시내버스,8100,교통,신한체크카드,변동비
2026-04-13,지하철,6600,교통,토스공유카드1,변동비
2026-04-13,겨울 외투 구매,356300,의류/미용,신한체크카드,변동비
2026-04-14,맘스터치,11600,식비,토스공유카드2,변동비
2026-04-14,코스트코,56200,마트,롯데카드,변동비
2026-04-15,배달의민족,21200,식비,삼성카드,변동비
2026-04-15,맘스터치,10500,식비,토스공유카드2,변동비
2026-04-15,망원시장,16700,전통시장,지역화폐,변동비
2026-04-15,카카오 택시,8700,교통,신한체크카드,변동비
2026-04-15,고속버스,7900,교통,토스공유카드1,변동비
2026-04-16,지하철,5100,교통,신한체크카드,변동비
2026-04-17,투썸플레이스,12600,식비,롯데카드,변동비
2026-04-18,CU 편의점,9400,식비,토스공유카드1,변동비
2026-04-18,시내버스,11500,교통,신한체크카드,변동비
2026-04-19,부모님 생신 선물,152100,경조사,롯데카드,변동비
2026-04-20,CU 편의점,800,식비,토스공유카드1,변동비
2026-04-20,김밥천국,12200,식비,토스공유카드2,변동비
2026-04-20,망원시장,500,전통시장,지역화폐,변동비
2026-04-20,시내버스,17500,교통,토스공유카드1,변동비
2026-04-20,고속버스,13600,교통,토스공유카드1,변동비
2026-04-21,맘스터치,12900,식비,롯데카드,변동비
2026-04-21,카카오 택시,7100,교통,신한체크카드,변동비
2026-04-22,CU 편의점,26200,식비,삼성카드,변동비
2026-04-22,CU 편의점,13700,식비,롯데카드,변동비
2026-04-22,김밥천국,19000,식비,토스공유카드2,변동비
2026-04-22,카카오 택시,6500,교통,신한체크카드,변동비
2026-04-23,김밥천국,12000,식비,토스공유카드2,변동비
2026-04-23,투썸플레이스,14700,식비,삼성카드,변동비
2026-04-23,고속버스,15400,교통,토스공유카드1,변동비
2026-04-23,시내버스,2400,교통,신한체크카드,변동비
